event_time,user_id,campaign_id,country,device,is_click
2025-01-03T14:55:00,u0219,c003,CA,android,0
2025-01-07T15:43:00,u0390,c005,BR,ios,0
2025-01-06T02:58:00,u0162,c006,IN,android,0
2025-01-05T04:34:00,u0438,c006,DE,ios,0
2025-01-02T02:12:00,u0219,c006,BR,ios,0
2025-01-02T02:12:00,u0269,c002,CA,android,0
2025-01-01T09:45:00,u0119,c005,GB,android,0
2025-01-07T01:31:00,u0393,c007,US,web,0
2025-01-05T04:59:00,u0335,c003,IN,android,0
2025-01-05T22:57:00,u0399,c007,GB,android,0
2025-01-01T03:27:00,u0181,c001,CA,web,0
2025-01-07T18:56:00,u0478,c009,DE,android,0
2025-01-06T19:51:00,u0105,c008,US,android,1
2025-01-02T11:40:00,u0216,c008,GB,web,0
2025-01-02T06:32:00,u0204,c007,US,android,1
2025-01-02T06:48:00,u0069,c009,IN,android,0
2025-01-03T03:06:00,u0043,c009,CA,web,1
2025-01-04T16:09:00,u0328,c000,DE,web,0
2025-01-04T00:34:00,u0300,c001,CA,ios,0
2025-01-03T00:55:00,u0227,c005,US,android,0
2025-01-05T06:47:00,u0183,c009,GB,ios,0
2025-01-01T23:26:00,u0106,c004,IN,ios,0
2025-01-03T01:04:00,u0083,c008,IN,web,0
2025-01-03T13:32:00,u0337,c004,CA,android,0
2025-01-04T04:37:00,u0249,c001,GB,android,0
2025-01-06T11:54:00,u0362,c009,GB,web,0
2025-01-02T09:32:00,u0440,c003,US,ios,0
2025-01-04T14:23:00,u0020,c008,CA,web,0
2025-01-05T03:31:00,u0195,c000,CA,android,0
2025-01-01T07:48:00,u0177,c000,BR,web,0
2025-01-05T06:04:00,u0416,c006,CA,android,0
2025-01-02T04:38:00,u0474,c002,IN,ios,1
2025-01-01T10:55:00,u0006,c009,US,android,0
2025-01-07T15:24:00,u0069,c001,GB,ios,0
2025-01-07T18:13:00,u0126,c008,CA,ios,0
2025-01-06T15:48:00,u0398,c002,US,android,0
2025-01-03T03:10:00,u0465,c001,CA,android,0
2025-01-01T16:24:00,u0159,c007,GB,ios,0
2025-01-05T18:57:00,u0247,c009,DE,web,0
2025-01-04T01:56:00,u0202,c005,GB,android,0
2025-01-01T20:30:00,u0147,c005,GB,ios,0
2025-01-04T11:11:00,u0471,c009,GB,ios,0
2025-01-01T05:46:00,u0142,c006,CA,web,0
2025-01-07T08:45:00,u0431,c006,BR,android,0
2025-01-02T19:28:00,u0198,c005,GB,ios,0
2025-01-05T15:18:00,u0404,c003,IN,web,0
2025-01-03T04:22:00,u0425,c008,IN,ios,0
2025-01-04T15:22:00,u0153,c005,US,android,0
2025-01-04T19:50:00,u0491,c003,BR,web,0
2025-01-02T07:03:00,u0375,c002,US,ios,0
2025-01-07T18:53:00,u0383,c003,IN,web,0
2025-01-06T10:13:00,u0141,c002,IN,android,0
2025-01-07T13:50:00,u0312,c001,DE,web,0
2025-01-07T06:19:00,u0164,c004,GB,android,0
2025-01-05T04:26:00,u0313,c001,IN,ios,0
2025-01-07T10:52:00,u0020,c005,CA,android,0
2025-01-01T14:52:00,u0081,c002,CA,ios,0
2025-01-02T08:55:00,u0068,c005,US,ios,0
2025-01-01T07:35:00,u0130,c009,US,android,0
2025-01-03T06:39:00,u0086,c008,GB,ios,0
2025-01-03T17:17:00,u0217,c000,GB,web,0
2025-01-02T21:35:00,u0420,c005,DE,ios,0
2025-01-06T19:13:00,u0471,c008,BR,android,0
2025-01-03T11:56:00,u0304,c003,US,web,0
2025-01-02T23:11:00,u0402,c001,GB,web,0
2025-01-04T19:10:00,u0370,c003,US,ios,0
2025-01-01T23:40:00,u0344,c000,GB,ios,0
2025-01-06T14:46:00,u0340,c002,IN,android,0
2025-01-01T12:31:00,u0383,c009,US,web,0
2025-01-07T21:47:00,u0395,c008,IN,android,0
2025-01-06T09:44:00,u0444,c009,US,ios,0
2025-01-02T09:23:00,u0424,c004,BR,web,0
2025-01-01T00:55:00,u0160,c005,DE,android,0
2025-01-06T16:59:00,u0177,c002,CA,android,0
2025-01-05T22:45:00,u0116,c004,CA,android,0
2025-01-06T02:28:00,u0195,c007,CA,android,0
2025-01-06T09:34:00,u0382,c005,IN,android,0
2025-01-01T12:26:00,u0489,c003,GB,web,0
2025-01-03T12:13:00,u0326,c001,CA,android,0
2025-01-01T19:27:00,u0085,c008,BR,web,0
2025-01-07T01:00:00,u0288,c000,CA,android,0
2025-01-05T08:42:00,u0080,c000,US,ios,0
2025-01-03T07:35:00,u0151,c003,IN,ios,0
2025-01-01T10:40:00,u0060,c006,US,android,0
2025-01-03T04:14:00,u0060,c000,US,ios,0
2025-01-03T06:37:00,u0353,c008,US,web,0
2025-01-06T02:34:00,u0027,c003,DE,android,0
2025-01-05T11:06:00,u0441,c002,DE,web,0
2025-01-07T05:03:00,u0042,c000,GB,android,0
2025-01-04T07:19:00,u0168,c009,IN,ios,0
2025-01-01T20:05:00,u0422,c003,BR,web,0
2025-01-05T23:49:00,u0085,c008,BR,ios,0
2025-01-06T07:48:00,u0176,c009,BR,ios,0
2025-01-04T22:17:00,u0016,c005,US,android,0
2025-01-06T09:31:00,u0097,c005,DE,web,0
2025-01-04T10:57:00,u0453,c000,IN,ios,0
2025-01-04T15:49:00,u0493,c009,US,android,0
2025-01-03T23:49:00,u0197,c001,DE,android,0
2025-01-01T04:16:00,u0097,c005,DE,android,0
2025-01-01T18:07:00,u0064,c001,CA,ios,0
2025-01-01T05:16:00,u0329,c002,CA,android,0
2025-01-05T10:55:00,u0340,c003,IN,web,0
2025-01-03T04:48:00,u0004,c004,IN,web,0
2025-01-04T13:26:00,u0001,c008,IN,ios,0
2025-01-07T08:28:00,u0021,c003,US,web,0
2025-01-02T17:52:00,u0111,c008,GB,android,0
2025-01-03T20:56:00,u0056,c009,IN,ios,0
2025-01-06T06:55:00,u0065,c002,CA,android,0
2025-01-02T14:26:00,u0329,c007,GB,ios,0
2025-01-01T12:55:00,u0097,c000,US,ios,0
2025-01-03T00:40:00,u0143,c008,GB,android,0
2025-01-02T03:05:00,u0367,c008,BR,web,0
2025-01-07T12:11:00,u0434,c009,GB,web,0
2025-01-06T15:45:00,u0124,c001,IN,ios,0
2025-01-05T10:24:00,u0166,c003,US,android,0
2025-01-07T02:24:00,u0085,c007,IN,android,0
2025-01-06T15:01:00,u0075,c006,CA,ios,0
2025-01-02T07:20:00,u0343,c000,BR,web,0
2025-01-07T05:56:00,u0494,c004,CA,android,0
2025-01-04T18:36:00,u0423,c006,IN,web,0
2025-01-06T15:38:00,u0293,c003,IN,web,0
2025-01-07T06:32:00,u0443,c000,IN,ios,1
2025-01-03T05:25:00,u0058,c008,DE,ios,0
2025-01-01T18:29:00,u0137,c004,BR,web,0
2025-01-02T14:17:00,u0098,c001,IN,android,0
2025-01-03T23:45:00,u0191,c007,IN,android,0
2025-01-06T17:25:00,u0242,c001,CA,ios,0
2025-01-07T00:36:00,u0318,c002,CA,web,0
2025-01-01T01:10:00,u0048,c009,IN,android,0
2025-01-04T13:48:00,u0447,c000,US,android,0
2025-01-03T22:07:00,u0031,c001,DE,ios,0
2025-01-02T13:18:00,u0390,c006,CA,web,0
2025-01-01T20:08:00,u0276,c009,US,android,0
2025-01-03T08:43:00,u0019,c001,DE,ios,0
2025-01-07T14:24:00,u0153,c005,IN,android,1
2025-01-03T06:17:00,u0382,c002,BR,android,1
2025-01-04T15:09:00,u0067,c003,GB,android,0
2025-01-05T22:06:00,u0365,c007,GB,ios,1
2025-01-03T13:05:00,u0371,c002,IN,web,0
2025-01-07T19:15:00,u0213,c009,CA,ios,0
2025-01-07T17:41:00,u0142,c005,US,web,0
2025-01-02T18:17:00,u0375,c000,BR,android,0
2025-01-04T11:32:00,u0231,c006,DE,web,0
2025-01-03T02:32:00,u0212,c007,IN,android,0
2025-01-02T23:51:00,u0078,c007,BR,android,0
2025-01-01T06:11:00,u0213,c002,BR,ios,0
2025-01-05T06:24:00,u0115,c009,CA,android,0
2025-01-04T12:27:00,u0091,c000,DE,ios,0
2025-01-01T08:38:00,u0269,c008,BR,web,0
2025-01-02T22:48:00,u0410,c005,CA,web,0
2025-01-07T08:35:00,u0380,c008,US,android,0
2025-01-02T16:14:00,u0488,c006,CA,ios,0
2025-01-02T00:20:00,u0167,c000,US,android,0
2025-01-04T10:13:00,u0057,c000,US,ios,0
2025-01-07T21:35:00,u0283,c005,BR,ios,0
2025-01-02T16:39:00,u0025,c004,CA,ios,0
2025-01-05T16:55:00,u0368,c008,US,web,0
2025-01-06T07:57:00,u0446,c001,DE,ios,0
2025-01-02T15:55:00,u0065,c007,BR,web,0
2025-01-06T02:20:00,u0408,c004,CA,ios,0
2025-01-03T13:47:00,u0247,c001,CA,web,0
2025-01-05T10:13:00,u0253,c009,GB,web,0
2025-01-05T10:25:00,u0386,c005,CA,web,0
2025-01-04T18:00:00,u0455,c009,BR,android,0
2025-01-01T15:10:00,u0043,c007,DE,ios,0
2025-01-06T20:19:00,u0096,c003,CA,android,1
2025-01-03T05:53:00,u0041,c001,GB,ios,0
2025-01-02T07:20:00,u0499,c004,BR,ios,1
2025-01-01T06:51:00,u0226,c001,US,android,0
2025-01-05T03:16:00,u0261,c001,IN,web,0
2025-01-05T17:49:00,u0166,c005,IN,ios,0
2025-01-01T02:47:00,u0435,c009,US,web,0
2025-01-04T14:01:00,u0278,c008,CA,android,0
2025-01-02T14:03:00,u0088,c003,IN,web,0
2025-01-05T12:23:00,u0378,c005,IN,ios,0
2025-01-02T05:17:00,u0177,c006,US,ios,0
2025-01-05T20:04:00,u0426,c005,CA,ios,1
2025-01-03T16:58:00,u0402,c007,CA,android,0
2025-01-07T13:22:00,u0196,c003,US,ios,0
2025-01-01T23:06:00,u0306,c000,CA,android,1
2025-01-03T09:17:00,u0266,c006,CA,web,0
2025-01-01T19:03:00,u0267,c002,BR,ios,0
2025-01-07T11:20:00,u0073,c005,BR,ios,0
2025-01-07T03:23:00,u0007,c001,US,ios,0
2025-01-02T19:20:00,u0407,c008,DE,web,0
2025-01-05T14:52:00,u0475,c000,IN,ios,0
2025-01-06T17:17:00,u0296,c005,BR,android,0
2025-01-04T21:16:00,u0163,c005,IN,web,0
2025-01-04T16:58:00,u0484,c004,GB,web,0
2025-01-02T16:37:00,u0084,c004,US,web,0
2025-01-01T15:38:00,u0071,c000,DE,web,1
2025-01-07T06:43:00,u0054,c009,GB,web,0
2025-01-07T07:16:00,u0392,c004,GB,android,0
2025-01-05T10:21:00,u0046,c001,CA,web,0
2025-01-03T08:57:00,u0398,c006,GB,ios,0
2025-01-03T10:40:00,u0431,c002,US,web,0
2025-01-06T01:57:00,u0237,c003,BR,web,0
2025-01-07T06:42:00,u0103,c002,US,web,0
2025-01-07T05:01:00,u0209,c002,BR,web,0
2025-01-06T11:01:00,u0041,c003,GB,web,0
2025-01-05T11:51:00,u0315,c004,GB,android,1
2025-01-01T14:08:00,u0467,c000,DE,android,1
2025-01-02T03:09:00,u0453,c003,BR,web,0
2025-01-07T06:57:00,u0267,c007,GB,android,0
2025-01-05T05:52:00,u0385,c009,CA,ios,0
2025-01-01T01:32:00,u0262,c006,IN,web,0
2025-01-01T17:02:00,u0335,c008,DE,ios,0
2025-01-05T15:28:00,u0386,c004,US,ios,0
2025-01-01T00:51:00,u0364,c009,DE,web,0
2025-01-02T03:00:00,u0258,c003,IN,ios,0
2025-01-04T20:11:00,u0282,c007,BR,ios,0
2025-01-05T20:14:00,u0113,c008,US,ios,0
2025-01-05T13:31:00,u0362,c006,US,web,0
2025-01-02T13:40:00,u0039,c006,BR,web,0
2025-01-05T23:38:00,u0485,c004,DE,ios,0
2025-01-02T15:51:00,u0416,c003,GB,web,0
2025-01-03T06:40:00,u0219,c009,DE,web,0
2025-01-06T05:24:00,u0128,c000,IN,ios,0
2025-01-05T13:08:00,u0007,c009,CA,web,0
2025-01-06T22:40:00,u0100,c009,GB,android,0
2025-01-05T14:28:00,u0415,c006,DE,web,0
2025-01-04T23:28:00,u0379,c000,CA,android,0
2025-01-01T15:44:00,u0175,c000,CA,ios,1
2025-01-03T13:46:00,u0106,c004,BR,web,0
2025-01-02T20:33:00,u0100,c008,IN,ios,0
2025-01-02T16:59:00,u0259,c005,IN,ios,1
2025-01-07T19:27:00,u0477,c002,IN,ios,0
2025-01-03T18:02:00,u0453,c002,GB,ios,0
2025-01-07T05:51:00,u0365,c006,US,ios,0
2025-01-05T10:01:00,u0245,c005,GB,web,0
2025-01-06T13:31:00,u0274,c008,DE,android,0
2025-01-04T12:26:00,u0031,c005,CA,web,0
2025-01-05T00:55:00,u0136,c004,CA,web,0
2025-01-04T10:44:00,u0011,c009,US,web,0
2025-01-02T08:48:00,u0394,c006,DE,web,0
2025-01-06T01:22:00,u0301,c000,US,android,0
2025-01-02T23:10:00,u0374,c006,CA,web,0
2025-01-01T04:05:00,u0015,c002,GB,ios,0
2025-01-05T12:26:00,u0128,c008,IN,web,0
2025-01-02T05:45:00,u0062,c005,CA,web,0
2025-01-07T13:59:00,u0108,c008,BR,android,0
2025-01-07T16:15:00,u0374,c004,IN,android,0
2025-01-07T09:41:00,u0020,c006,CA,ios,0
2025-01-03T14:11:00,u0157,c003,GB,web,0
2025-01-01T02:35:00,u0268,c006,US,web,0
2025-01-07T11:57:00,u0161,c000,IN,web,0
2025-01-03T23:56:00,u0259,c006,GB,ios,0
2025-01-07T18:23:00,u0411,c007,DE,android,0
2025-01-07T17:53:00,u0101,c004,BR,ios,1
2025-01-06T23:18:00,u0222,c001,IN,web,0
2025-01-03T01:28:00,u0058,c004,US,android,0
2025-01-03T16:41:00,u0246,c005,DE,android,0
2025-01-06T22:59:00,u0127,c001,GB,ios,0
2025-01-03T05:14:00,u0282,c005,BR,android,0
2025-01-02T04:28:00,u0324,c005,US,android,1
2025-01-04T21:32:00,u0024,c000,GB,web,0
2025-01-07T13:16:00,u0130,c000,GB,web,0
2025-01-05T20:55:00,u0352,c009,IN,android,0
2025-01-04T23:46:00,u0195,c002,IN,android,0
2025-01-01T16:19:00,u0280,c009,US,ios,0
2025-01-05T07:19:00,u0403,c009,CA,ios,0
2025-01-07T22:19:00,u0417,c002,CA,android,0
2025-01-01T23:32:00,u0153,c003,GB,web,0
2025-01-04T15:04:00,u0381,c001,IN,android,0
2025-01-07T03:23:00,u0132,c008,BR,android,0
2025-01-06T04:26:00,u0226,c009,BR,web,0
2025-01-05T21:05:00,u0188,c006,GB,web,0
2025-01-05T22:01:00,u0475,c006,IN,ios,0
2025-01-03T12:23:00,u0476,c005,US,ios,1
2025-01-03T01:19:00,u0264,c002,US,ios,0
2025-01-06T15:58:00,u0371,c005,US,ios,0
2025-01-06T16:05:00,u0485,c007,BR,web,1
2025-01-07T01:40:00,u0433,c007,IN,android,0
2025-01-07T09:25:00,u0133,c008,IN,ios,0
2025-01-04T13:54:00,u0210,c000,BR,ios,0
2025-01-04T12:15:00,u0059,c000,US,web,0
2025-01-06T14:06:00,u0427,c002,US,web,0
2025-01-05T13:11:00,u0376,c002,GB,android,0
2025-01-05T21:55:00,u0394,c009,CA,android,0
2025-01-06T13:41:00,u0449,c007,DE,web,0
2025-01-07T05:31:00,u0430,c009,CA,ios,0
2025-01-03T08:46:00,u0363,c000,IN,ios,0
2025-01-03T15:05:00,u0363,c001,IN,ios,0
2025-01-01T15:47:00,u0456,c001,IN,android,0
2025-01-05T01:09:00,u0212,c002,CA,ios,0
2025-01-01T06:02:00,u0215,c005,DE,ios,0
2025-01-04T06:13:00,u0225,c000,GB,web,0
2025-01-04T19:09:00,u0469,c001,CA,ios,0
2025-01-03T00:08:00,u0130,c000,DE,web,0
2025-01-05T03:15:00,u0075,c004,US,ios,0
2025-01-01T05:07:00,u0475,c006,US,android,0
2025-01-01T06:16:00,u0285,c007,IN,ios,0
2025-01-06T18:11:00,u0473,c009,BR,ios,0
2025-01-03T12:30:00,u0495,c000,IN,web,0
2025-01-01T21:20:00,u0276,c006,BR,web,0
2025-01-04T15:44:00,u0155,c004,DE,web,1
2025-01-06T09:21:00,u0247,c009,US,ios,1
2025-01-02T12:15:00,u0217,c000,CA,ios,0
2025-01-05T08:38:00,u0189,c002,BR,android,0
2025-01-01T14:20:00,u0416,c006,DE,ios,0
2025-01-01T08:40:00,u0468,c009,US,android,0
2025-01-04T17:16:00,u0162,c000,CA,web,0
2025-01-04T18:49:00,u0179,c006,BR,web,0
2025-01-05T11:05:00,u0033,c004,IN,web,0
2025-01-06T01:59:00,u0040,c000,IN,android,0
2025-01-07T19:56:00,u0306,c000,IN,ios,0
2025-01-04T14:44:00,u0430,c000,DE,web,0
2025-01-03T06:15:00,u0337,c008,IN,ios,0
2025-01-06T13:35:00,u0313,c002,GB,ios,0
2025-01-02T21:29:00,u0074,c004,US,web,0
2025-01-04T01:44:00,u0440,c009,DE,android,0
2025-01-01T13:10:00,u0278,c008,CA,ios,0
2025-01-01T04:15:00,u0175,c005,IN,web,0
2025-01-07T17:43:00,u0383,c008,US,ios,1
2025-01-06T20:26:00,u0149,c007,BR,ios,0
2025-01-05T20:55:00,u0272,c007,IN,ios,0
2025-01-03T20:42:00,u0324,c000,US,ios,0
2025-01-02T05:06:00,u0107,c008,GB,ios,0
2025-01-02T02:16:00,u0138,c005,BR,android,1
2025-01-02T18:02:00,u0349,c008,GB,android,0
2025-01-04T20:16:00,u0270,c002,CA,web,0
2025-01-06T00:03:00,u0346,c002,US,android,0
2025-01-05T14:54:00,u0418,c005,GB,android,0
2025-01-02T23:01:00,u0288,c008,CA,android,0
2025-01-07T16:25:00,u0211,c006,US,ios,0
2025-01-06T03:58:00,u0380,c002,US,ios,0
2025-01-04T21:07:00,u0271,c002,GB,web,0
2025-01-05T06:46:00,u0417,c001,US,web,0
2025-01-03T22:29:00,u0065,c008,IN,web,0
2025-01-02T17:37:00,u0482,c002,US,ios,0
2025-01-03T11:48:00,u0423,c004,DE,android,0
2025-01-06T07:19:00,u0247,c008,CA,android,0
2025-01-01T02:25:00,u0155,c007,US,ios,0
2025-01-01T19:30:00,u0046,c001,DE,web,0
2025-01-01T07:43:00,u0422,c002,US,web,0
2025-01-01T06:50:00,u0453,c001,US,web,0
2025-01-06T23:43:00,u0200,c007,GB,ios,0
2025-01-05T22:12:00,u0147,c005,IN,web,0
2025-01-04T07:39:00,u0123,c005,CA,web,0
2025-01-01T16:26:00,u0000,c008,IN,ios,0
2025-01-04T10:35:00,u0455,c007,BR,android,0
2025-01-04T07:32:00,u0246,c003,GB,ios,0
2025-01-02T05:05:00,u0342,c003,GB,ios,0
2025-01-04T00:53:00,u0127,c008,IN,ios,0
2025-01-03T18:56:00,u0190,c000,GB,ios,0
2025-01-05T07:27:00,u0066,c001,IN,android,0
2025-01-05T10:41:00,u0003,c001,GB,web,0
2025-01-01T07:36:00,u0441,c005,US,ios,0
2025-01-03T14:56:00,u0408,c003,IN,android,0
2025-01-05T09:08:00,u0302,c009,IN,web,0
2025-01-04T12:31:00,u0293,c002,DE,web,1
2025-01-06T23:53:00,u0142,c002,GB,web,1
2025-01-05T14:39:00,u0190,c002,GB,ios,0
2025-01-02T03:22:00,u0020,c005,IN,ios,1
2025-01-01T11:51:00,u0226,c007,US,web,0
2025-01-05T11:55:00,u0312,c006,US,web,0
2025-01-01T04:27:00,u0116,c003,CA,web,0
2025-01-05T02:24:00,u0436,c003,US,web,1
2025-01-07T13:57:00,u0301,c009,GB,web,0
2025-01-05T00:40:00,u0499,c001,DE,web,0
2025-01-03T17:12:00,u0141,c000,IN,android,0
2025-01-05T12:04:00,u0483,c008,BR,web,0
2025-01-04T04:59:00,u0459,c001,DE,ios,0
2025-01-04T19:39:00,u0400,c007,BR,ios,0
2025-01-07T14:09:00,u0038,c008,DE,ios,0
2025-01-03T16:51:00,u0392,c003,US,web,0
2025-01-07T17:28:00,u0354,c007,GB,ios,0
2025-01-07T08:05:00,u0251,c008,BR,android,0
2025-01-02T08:53:00,u0332,c009,DE,web,0
2025-01-01T11:39:00,u0206,c009,GB,ios,0
2025-01-01T16:55:00,u0209,c004,BR,android,0
2025-01-01T03:03:00,u0114,c006,IN,android,0
2025-01-01T15:51:00,u0224,c009,DE,ios,0
2025-01-05T18:44:00,u0133,c003,IN,android,0
2025-01-01T11:57:00,u0250,c000,US,ios,0
2025-01-03T05:35:00,u0218,c002,IN,android,0
2025-01-06T21:56:00,u0406,c004,IN,web,0
2025-01-01T03:54:00,u0442,c002,CA,web,0
2025-01-06T16:49:00,u0090,c006,DE,web,0
2025-01-02T23:21:00,u0353,c008,US,web,0
2025-01-01T19:51:00,u0375,c005,IN,web,0
2025-01-05T21:03:00,u0045,c009,GB,ios,0
2025-01-05T09:39:00,u0037,c000,BR,web,0
2025-01-07T03:24:00,u0141,c006,IN,web,0
2025-01-06T03:29:00,u0099,c002,US,web,0
2025-01-06T14:59:00,u0327,c004,IN,web,0
2025-01-02T23:22:00,u0189,c009,BR,android,0
2025-01-02T05:48:00,u0034,c003,US,web,0
2025-01-06T06:06:00,u0146,c009,DE,web,0
2025-01-06T15:32:00,u0029,c004,US,ios,0
2025-01-07T22:24:00,u0333,c004,DE,android,0
2025-01-03T21:19:00,u0083,c005,US,ios,0
2025-01-03T14:29:00,u0368,c009,BR,web,0
2025-01-06T10:26:00,u0280,c009,BR,ios,0
2025-01-03T09:15:00,u0423,c005,US,ios,0
2025-01-07T12:22:00,u0343,c007,IN,web,0
2025-01-07T00:12:00,u0269,c007,BR,android,0
2025-01-04T00:04:00,u0153,c008,DE,android,0
2025-01-06T06:08:00,u0101,c007,DE,ios,0
2025-01-06T06:45:00,u0214,c001,GB,web,0
2025-01-01T17:19:00,u0149,c009,CA,ios,0
2025-01-07T07:37:00,u0431,c000,CA,ios,0
2025-01-04T12:52:00,u0082,c009,CA,ios,1
2025-01-06T18:50:00,u0109,c001,DE,web,0
2025-01-03T05:46:00,u0434,c001,GB,web,0
2025-01-07T06:26:00,u0386,c002,CA,android,0
2025-01-03T17:23:00,u0425,c009,CA,web,0
2025-01-01T01:49:00,u0274,c006,US,ios,0
2025-01-07T08:06:00,u0200,c001,US,ios,0
2025-01-01T15:20:00,u0283,c000,US,android,1
2025-01-03T05:38:00,u0467,c005,IN,web,0
2025-01-07T15:36:00,u0172,c008,CA,ios,0
2025-01-07T15:42:00,u0326,c002,IN,android,0
2025-01-05T00:20:00,u0205,c005,GB,android,0
2025-01-05T10:08:00,u0062,c002,DE,ios,0
2025-01-04T03:20:00,u0072,c000,CA,ios,0
2025-01-03T01:15:00,u0250,c004,DE,web,0
2025-01-03T07:12:00,u0123,c009,US,android,0
2025-01-05T16:58:00,u0374,c003,CA,ios,0
2025-01-06T06:23:00,u0120,c006,BR,android,0
2025-01-06T12:59:00,u0274,c005,IN,web,0
2025-01-06T12:39:00,u0430,c009,IN,ios,1
2025-01-01T15:19:00,u0499,c006,CA,web,0
2025-01-04T11:03:00,u0397,c004,US,android,0
2025-01-01T09:40:00,u0119,c003,IN,web,0
2025-01-04T20:19:00,u0421,c006,US,web,0
2025-01-04T02:10:00,u0436,c006,GB,android,1
2025-01-07T05:08:00,u0316,c005,DE,web,0
2025-01-03T10:57:00,u0163,c007,BR,android,0
2025-01-01T19:40:00,u0423,c003,DE,ios,0
2025-01-02T00:01:00,u0464,c009,DE,android,0
2025-01-06T07:56:00,u0285,c004,GB,android,0
2025-01-05T07:51:00,u0264,c003,IN,ios,0
2025-01-01T16:59:00,u0319,c000,BR,android,0
2025-01-01T14:07:00,u0160,c007,IN,ios,1
2025-01-05T21:45:00,u0375,c000,CA,ios,0
2025-01-01T12:13:00,u0307,c004,DE,android,0
2025-01-06T18:04:00,u0088,c005,CA,web,0
2025-01-05T22:38:00,u0141,c005,US,web,0
2025-01-01T13:39:00,u0202,c004,DE,ios,0
2025-01-01T14:15:00,u0308,c002,IN,web,1
2025-01-07T21:45:00,u0226,c004,DE,web,0
2025-01-03T14:52:00,u0488,c007,US,android,1
2025-01-03T14:16:00,u0442,c001,GB,ios,0
2025-01-06T16:33:00,u0333,c005,CA,ios,0
2025-01-07T15:08:00,u0221,c008,CA,android,0
2025-01-07T21:38:00,u0040,c007,IN,web,0
2025-01-06T06:34:00,u0195,c007,DE,ios,0
2025-01-03T15:12:00,u0067,c007,IN,web,0
2025-01-01T14:01:00,u0475,c006,GB,ios,0
2025-01-06T10:33:00,u0263,c007,DE,ios,0
2025-01-04T21:48:00,u0001,c005,DE,ios,1
2025-01-03T23:16:00,u0360,c001,IN,ios,0
2025-01-07T08:16:00,u0124,c001,IN,web,0
2025-01-01T18:40:00,u0109,c007,US,web,0
2025-01-04T10:45:00,u0085,c000,GB,web,0
2025-01-01T01:54:00,u0424,c005,US,web,0
2025-01-04T06:44:00,u0119,c005,CA,android,1
2025-01-01T09:27:00,u0126,c003,DE,ios,0
2025-01-01T19:57:00,u0254,c009,IN,ios,0
2025-01-01T19:44:00,u0182,c002,DE,ios,0
2025-01-05T13:04:00,u0015,c002,DE,android,0
2025-01-06T05:20:00,u0476,c000,BR,web,0
2025-01-05T02:00:00,u0061,c002,CA,ios,0
2025-01-07T17:38:00,u0368,c003,BR,web,0
2025-01-03T14:58:00,u0431,c004,DE,web,0
2025-01-02T23:59:00,u0157,c002,IN,android,0
2025-01-07T01:55:00,u0267,c005,DE,android,0
2025-01-02T13:33:00,u0034,c004,CA,web,0
2025-01-07T17:49:00,u0266,c002,BR,ios,1
2025-01-01T02:02:00,u0063,c005,IN,ios,0
2025-01-07T18:56:00,u0493,c005,DE,android,1
2025-01-01T07:15:00,u0049,c007,GB,android,0
2025-01-07T05:42:00,u0468,c001,CA,android,0
2025-01-04T16:39:00,u0254,c000,CA,android,0
2025-01-07T22:49:00,u0148,c003,GB,android,0
2025-01-01T12:23:00,u0324,c006,DE,android,0
2025-01-04T21:02:00,u0303,c009,CA,android,0
2025-01-07T18:50:00,u0275,c002,IN,ios,0
2025-01-04T15:52:00,u0356,c002,DE,android,0
2025-01-05T09:44:00,u0450,c004,DE,android,0
2025-01-05T20:53:00,u0171,c004,BR,ios,0
2025-01-04T04:21:00,u0416,c009,CA,ios,0
2025-01-05T09:25:00,u0200,c002,CA,web,1
2025-01-05T02:09:00,u0444,c008,GB,android,0
2025-01-07T07:23:00,u0392,c003,BR,android,0
2025-01-01T07:38:00,u0323,c002,BR,android,0
2025-01-02T23:12:00,u0034,c001,CA,android,0
2025-01-07T15:40:00,u0464,c009,DE,web,0
2025-01-07T05:33:00,u0481,c008,BR,ios,0
2025-01-04T04:33:00,u0215,c003,GB,ios,0
2025-01-05T08:10:00,u0479,c002,BR,android,0
2025-01-02T22:36:00,u0064,c006,GB,android,0
2025-01-02T07:36:00,u0007,c007,BR,android,0
2025-01-04T05:54:00,u0300,c001,GB,web,0
2025-01-03T11:21:00,u0342,c006,BR,web,0
2025-01-05T02:03:00,u0430,c004,BR,ios,0
2025-01-01T13:03:00,u0423,c004,IN,android,0
2025-01-07T19:41:00,u0331,c002,GB,android,1
2025-01-07T21:41:00,u0437,c004,GB,android,0
2025-01-05T21:17:00,u0075,c001,GB,android,0
2025-01-04T18:03:00,u0173,c003,US,web,0
2025-01-03T04:00:00,u0046,c005,BR,ios,0
2025-01-06T16:43:00,u0014,c000,GB,ios,1
2025-01-05T19:02:00,u0360,c009,CA,web,0
2025-01-02T03:19:00,u0146,c003,US,android,0
2025-01-07T09:02:00,u0025,c005,IN,ios,0
2025-01-06T18:11:00,u0307,c008,GB,ios,0
2025-01-07T15:33:00,u0092,c001,GB,web,0
2025-01-06T01:55:00,u0405,c006,US,android,0
2025-01-05T07:03:00,u0231,c005,BR,ios,0
2025-01-03T22:15:00,u0020,c001,CA,android,0
2025-01-07T12:41:00,u0306,c007,IN,ios,0
2025-01-07T01:29:00,u0037,c006,GB,web,0
2025-01-01T07:35:00,u0275,c004,BR,android,0
2025-01-01T04:25:00,u0156,c004,CA,web,0
2025-01-03T15:14:00,u0178,c006,CA,ios,0
2025-01-06T16:10:00,u0131,c008,IN,web,0
2025-01-07T21:51:00,u0310,c008,DE,web,0
2025-01-02T01:16:00,u0454,c008,CA,web,0
2025-01-05T03:48:00,u0347,c005,DE,ios,0
2025-01-03T15:59:00,u0027,c009,CA,android,0
2025-01-07T18:56:00,u0259,c005,IN,web,0
2025-01-06T21:28:00,u0405,c002,US,android,0
2025-01-06T20:50:00,u0075,c000,IN,ios,0
2025-01-04T06:44:00,u0428,c006,IN,android,0
2025-01-03T21:41:00,u0066,c003,US,web,0
2025-01-02T21:55:00,u0341,c000,US,web,0
2025-01-01T09:28:00,u0491,c007,BR,web,0
2025-01-07T01:16:00,u0193,c005,CA,web,0
2025-01-06T16:34:00,u0471,c005,BR,web,0
2025-01-07T23:57:00,u0161,c001,US,web,0
2025-01-07T23:26:00,u0346,c000,DE,ios,0
2025-01-04T21:18:00,u0438,c001,DE,ios,0
2025-01-06T09:11:00,u0360,c003,IN,ios,0
2025-01-07T14:43:00,u0256,c001,GB,android,0
2025-01-06T22:44:00,u0071,c000,IN,android,0
2025-01-02T17:33:00,u0086,c006,IN,ios,0
2025-01-04T03:41:00,u0421,c007,GB,android,0
2025-01-01T21:41:00,u0261,c005,CA,android,0
2025-01-07T16:16:00,u0213,c003,US,web,0
2025-01-05T05:50:00,u0152,c005,DE,web,0
2025-01-02T14:24:00,u0209,c002,IN,android,0
2025-01-05T16:50:00,u0400,c007,GB,android,0
2025-01-05T07:50:00,u0060,c009,BR,ios,0
2025-01-03T12:10:00,u0267,c001,IN,android,1
2025-01-01T19:04:00,u0261,c004,DE,web,0
2025-01-05T16:49:00,u0217,c000,US,android,0
2025-01-04T15:24:00,u0282,c005,IN,ios,0
2025-01-06T09:44:00,u0135,c001,IN,web,0
2025-01-04T15:23:00,u0466,c003,CA,web,0
2025-01-06T23:09:00,u0379,c005,GB,web,0
2025-01-04T20:43:00,u0361,c009,BR,web,0
2025-01-04T22:14:00,u0448,c007,BR,android,0
2025-01-07T03:16:00,u0440,c007,US,ios,0
2025-01-03T19:47:00,u0092,c005,DE,android,0
2025-01-01T22:30:00,u0108,c003,US,android,0
2025-01-01T04:50:00,u0240,c007,IN,web,0
2025-01-06T06:51:00,u0354,c007,IN,ios,0
2025-01-05T08:12:00,u0423,c009,BR,web,0
2025-01-05T22:17:00,u0141,c000,DE,android,0
2025-01-02T11:46:00,u0290,c003,GB,android,0
2025-01-01T22:54:00,u0431,c003,DE,web,0
2025-01-01T02:26:00,u0236,c006,IN,android,0
2025-01-03T10:53:00,u0339,c006,GB,android,0
2025-01-05T03:06:00,u0311,c007,DE,web,1
2025-01-03T17:53:00,u0176,c004,DE,android,0
2025-01-04T01:29:00,u0140,c006,GB,ios,0
2025-01-07T07:53:00,u0188,c007,IN,web,0
2025-01-03T10:30:00,u0485,c008,DE,ios,0
2025-01-04T14:21:00,u0048,c002,GB,android,0
2025-01-06T11:39:00,u0301,c002,CA,android,0
2025-01-03T18:37:00,u0368,c003,CA,web,0
2025-01-05T08:30:00,u0189,c004,IN,android,0
2025-01-07T00:52:00,u0135,c009,GB,web,1
2025-01-07T15:31:00,u0042,c000,CA,web,0
2025-01-02T00:42:00,u0403,c006,GB,web,0
2025-01-07T11:40:00,u0379,c008,DE,web,0
2025-01-04T10:40:00,u0352,c007,IN,web,0
2025-01-02T19:23:00,u0089,c004,CA,ios,0
2025-01-04T05:08:00,u0294,c003,DE,web,0
2025-01-07T20:38:00,u0340,c006,US,ios,0
2025-01-04T10:45:00,u0244,c004,US,android,0
2025-01-03T07:13:00,u0432,c006,IN,web,0
2025-01-05T10:24:00,u0191,c000,CA,android,0
2025-01-02T16:20:00,u0317,c000,CA,web,0
2025-01-01T12:44:00,u0105,c009,CA,ios,0
2025-01-01T21:39:00,u0362,c002,GB,ios,0
2025-01-01T21:30:00,u0309,c001,DE,ios,0
2025-01-02T01:31:00,u0381,c001,CA,android,0
2025-01-01T23:19:00,u0232,c006,DE,web,0
2025-01-05T11:40:00,u0264,c009,IN,android,0
2025-01-02T06:33:00,u0343,c001,CA,ios,0
2025-01-03T10:04:00,u0036,c003,IN,android,0
2025-01-07T06:39:00,u0304,c001,CA,ios,0
2025-01-04T07:37:00,u0040,c005,US,ios,0
2025-01-05T16:08:00,u0016,c007,BR,ios,0
2025-01-02T04:56:00,u0343,c009,IN,web,0
2025-01-02T08:18:00,u0276,c003,CA,web,0
2025-01-01T06:51:00,u0306,c004,BR,ios,1
2025-01-02T04:22:00,u0058,c003,IN,android,0
2025-01-02T22:48:00,u0422,c002,GB,android,0
2025-01-02T05:44:00,u0182,c004,CA,web,0
2025-01-01T14:54:00,u0040,c008,GB,ios,0
2025-01-01T20:16:00,u0038,c007,US,android,0
2025-01-04T05:24:00,u0396,c007,CA,ios,0
2025-01-02T10:39:00,u0191,c007,US,android,0
2025-01-03T13:11:00,u0266,c007,BR,web,0
2025-01-04T12:34:00,u0493,c006,IN,ios,0
2025-01-05T19:59:00,u0146,c007,DE,ios,0
2025-01-01T06:36:00,u0394,c007,US,android,1
2025-01-06T14:18:00,u0332,c007,DE,android,0
2025-01-05T09:29:00,u0126,c009,DE,android,0
2025-01-01T13:44:00,u0045,c006,IN,ios,0
2025-01-07T02:45:00,u0044,c000,BR,web,0
2025-01-07T10:42:00,u0000,c003,IN,web,1
2025-01-01T10:15:00,u0167,c003,CA,android,0
2025-01-02T22:30:00,u0107,c004,US,web,0
2025-01-06T15:26:00,u0018,c009,DE,android,0
2025-01-06T05:42:00,u0331,c005,IN,web,0
2025-01-02T06:59:00,u0071,c003,IN,ios,0
2025-01-02T11:10:00,u0455,c001,IN,android,0
2025-01-03T14:14:00,u0444,c005,US,web,0
2025-01-04T09:23:00,u0108,c007,BR,ios,1
2025-01-05T07:52:00,u0267,c007,IN,web,1
2025-01-03T13:58:00,u0444,c006,US,ios,0
2025-01-04T05:42:00,u0239,c005,DE,ios,0
2025-01-06T05:34:00,u0416,c001,CA,web,0
2025-01-01T06:09:00,u0300,c006,GB,web,0
2025-01-02T18:24:00,u0089,c004,US,ios,0
2025-01-05T23:50:00,u0102,c005,GB,ios,0
2025-01-07T06:23:00,u0475,c009,IN,ios,0
2025-01-04T13:57:00,u0249,c007,IN,android,0
2025-01-04T17:23:00,u0452,c007,US,ios,0
2025-01-01T18:00:00,u0007,c002,GB,android,0
2025-01-04T03:09:00,u0152,c006,IN,ios,1
2025-01-04T17:28:00,u0346,c000,DE,android,0
2025-01-02T16:44:00,u0173,c000,BR,ios,0
2025-01-02T21:13:00,u0342,c006,BR,ios,0
2025-01-03T15:23:00,u0157,c009,IN,ios,0
2025-01-01T03:22:00,u0492,c008,GB,web,1
2025-01-03T06:06:00,u0430,c006,CA,web,0
2025-01-02T11:31:00,u0214,c009,IN,ios,0
2025-01-03T07:01:00,u0176,c004,CA,android,0
2025-01-01T20:07:00,u0174,c007,CA,android,0
2025-01-07T05:36:00,u0339,c001,GB,ios,0
2025-01-05T03:43:00,u0337,c008,CA,web,1
2025-01-05T18:05:00,u0145,c005,DE,android,0
2025-01-06T12:34:00,u0449,c008,GB,web,0
2025-01-04T11:44:00,u0323,c001,IN,android,0
2025-01-01T14:36:00,u0477,c002,DE,ios,0
2025-01-04T18:14:00,u0160,c007,US,web,0
2025-01-05T02:35:00,u0126,c000,BR,android,0
2025-01-06T05:14:00,u0419,c009,IN,ios,0
2025-01-04T00:31:00,u0081,c006,IN,ios,0
2025-01-01T21:26:00,u0484,c006,IN,ios,0
2025-01-02T23:40:00,u0146,c000,DE,web,0
2025-01-03T12:59:00,u0238,c008,US,web,0
2025-01-05T12:30:00,u0411,c007,GB,ios,0
2025-01-04T23:53:00,u0423,c003,US,web,0
2025-01-03T11:49:00,u0083,c009,DE,android,0
2025-01-07T21:44:00,u0112,c004,IN,ios,0
2025-01-05T05:46:00,u0224,c001,BR,ios,0
2025-01-02T15:51:00,u0331,c008,IN,web,0
2025-01-01T17:05:00,u0377,c005,GB,ios,0
2025-01-02T01:40:00,u0242,c002,CA,android,0
2025-01-02T17:19:00,u0142,c006,BR,web,0
2025-01-02T02:59:00,u0040,c008,IN,web,0
2025-01-02T07:20:00,u0422,c002,BR,ios,0
2025-01-02T23:53:00,u0257,c001,CA,ios,0
2025-01-02T05:07:00,u0446,c006,US,ios,0
2025-01-07T06:39:00,u0284,c006,DE,web,0
2025-01-01T13:28:00,u0104,c003,IN,ios,1
2025-01-04T16:07:00,u0201,c008,GB,android,0
2025-01-03T20:56:00,u0449,c007,US,ios,0
2025-01-07T21:02:00,u0306,c000,IN,ios,0
2025-01-01T18:49:00,u0330,c000,US,web,0
2025-01-03T18:50:00,u0460,c004,GB,ios,0
2025-01-07T18:52:00,u0265,c005,IN,web,0
2025-01-07T01:24:00,u0397,c002,CA,ios,0
2025-01-06T17:16:00,u0209,c008,CA,android,1
2025-01-02T19:19:00,u0050,c009,GB,android,0
2025-01-02T04:42:00,u0117,c005,BR,web,0
2025-01-05T16:19:00,u0200,c003,GB,web,0
2025-01-07T12:08:00,u0376,c006,BR,ios,0
2025-01-04T21:32:00,u0038,c007,IN,ios,0
2025-01-05T00:01:00,u0027,c008,BR,android,0
2025-01-02T23:02:00,u0258,c005,IN,ios,0
2025-01-06T09:16:00,u0083,c005,IN,android,0
2025-01-02T07:25:00,u0453,c007,DE,web,0
2025-01-03T06:22:00,u0154,c004,IN,ios,0
2025-01-03T23:28:00,u0116,c002,BR,web,0
2025-01-04T13:16:00,u0001,c002,DE,ios,0
2025-01-02T16:43:00,u0092,c005,DE,android,0
2025-01-01T19:17:00,u0165,c001,IN,web,0
2025-01-05T06:35:00,u0386,c005,GB,web,0
2025-01-03T00:29:00,u0399,c005,GB,ios,0
2025-01-05T01:38:00,u0349,c007,CA,web,0
2025-01-02T01:55:00,u0295,c006,DE,android,0
2025-01-04T08:49:00,u0257,c007,IN,web,0
2025-01-04T17:28:00,u0080,c008,GB,web,0
2025-01-01T08:42:00,u0424,c005,IN,ios,0
2025-01-03T08:32:00,u0267,c002,IN,web,0
2025-01-01T22:34:00,u0418,c009,DE,ios,0
2025-01-01T10:38:00,u0234,c002,CA,ios,0
2025-01-07T22:18:00,u0320,c000,DE,web,0
2025-01-03T06:09:00,u0310,c004,US,android,0
2025-01-06T16:03:00,u0300,c003,GB,ios,0
2025-01-02T18:46:00,u0462,c008,GB,web,0
2025-01-05T18:29:00,u0473,c008,GB,ios,0
2025-01-06T07:43:00,u0356,c004,BR,android,0
2025-01-05T04:04:00,u0212,c009,IN,android,0
2025-01-04T07:13:00,u0061,c003,DE,ios,0
2025-01-03T21:11:00,u0048,c006,GB,android,0
2025-01-03T10:36:00,u0126,c005,US,web,0
2025-01-07T12:09:00,u0222,c003,GB,web,0
2025-01-06T19:32:00,u0408,c009,CA,ios,0
2025-01-07T18:07:00,u0278,c001,IN,android,0
2025-01-01T20:52:00,u0407,c000,IN,web,0
2025-01-06T02:47:00,u0293,c003,DE,web,1
2025-01-07T13:38:00,u0283,c003,BR,web,0
2025-01-02T06:26:00,u0276,c000,DE,ios,0
2025-01-01T11:10:00,u0437,c005,GB,ios,0
2025-01-06T04:30:00,u0106,c003,CA,web,0
2025-01-05T00:30:00,u0145,c000,US,web,0
2025-01-06T21:25:00,u0419,c000,DE,android,0
2025-01-01T23:28:00,u0098,c000,BR,android,0
2025-01-06T13:36:00,u0428,c007,DE,android,0
2025-01-02T09:52:00,u0374,c009,IN,ios,0
2025-01-02T03:29:00,u0072,c007,GB,web,0
2025-01-02T03:35:00,u0436,c001,GB,ios,0
2025-01-06T16:50:00,u0485,c006,GB,web,0
2025-01-05T15:45:00,u0121,c007,GB,android,0
2025-01-04T15:52:00,u0029,c007,GB,android,0
2025-01-03T12:17:00,u0187,c009,GB,android,0
2025-01-07T03:22:00,u0363,c006,US,android,0
2025-01-03T17:55:00,u0353,c004,BR,web,0
2025-01-06T17:11:00,u0287,c000,GB,android,0
2025-01-04T01:46:00,u0450,c008,BR,web,0
2025-01-03T15:19:00,u0194,c006,CA,web,0
2025-01-04T05:43:00,u0155,c001,GB,ios,0
2025-01-03T02:37:00,u0171,c005,DE,android,1
2025-01-06T05:35:00,u0334,c001,GB,android,0
2025-01-04T12:27:00,u0040,c000,IN,ios,0
2025-01-02T15:00:00,u0062,c006,US,web,0
2025-01-07T07:07:00,u0022,c001,DE,android,0
2025-01-03T16:29:00,u0359,c001,DE,web,0
2025-01-04T19:19:00,u0074,c004,IN,ios,0
2025-01-07T08:17:00,u0047,c004,GB,web,0
2025-01-05T08:52:00,u0159,c006,US,android,0
2025-01-01T19:38:00,u0312,c000,DE,web,0
2025-01-07T13:53:00,u0117,c007,US,web,0
2025-01-05T09:27:00,u0099,c002,DE,android,0
2025-01-03T08:15:00,u0379,c003,GB,android,0
2025-01-01T23:23:00,u0416,c008,CA,web,0
2025-01-06T13:23:00,u0407,c003,DE,web,0
2025-01-05T08:10:00,u0166,c009,CA,ios,1
2025-01-04T17:37:00,u0289,c004,DE,android,1
2025-01-07T06:10:00,u0439,c006,BR,web,0
2025-01-06T12:29:00,u0155,c003,GB,android,0
2025-01-02T01:28:00,u0420,c000,IN,ios,0
2025-01-03T04:22:00,u0006,c008,CA,web,0
2025-01-02T17:44:00,u0195,c003,IN,web,0
2025-01-06T04:58:00,u0420,c008,GB,web,0
2025-01-01T05:38:00,u0055,c005,IN,android,0
2025-01-04T23:44:00,u0320,c000,GB,ios,0
2025-01-06T08:05:00,u0192,c002,IN,android,0
2025-01-07T03:17:00,u0046,c001,CA,web,0
2025-01-03T09:28:00,u0147,c008,BR,ios,0
2025-01-06T17:58:00,u0274,c000,IN,web,0
2025-01-01T18:35:00,u0156,c008,CA,web,0
2025-01-06T22:12:00,u0201,c008,DE,android,0
2025-01-01T21:25:00,u0443,c007,GB,web,0
2025-01-03T18:44:00,u0401,c007,US,ios,0
2025-01-06T13:56:00,u0475,c000,US,web,0
2025-01-02T01:11:00,u0418,c007,GB,web,0
2025-01-02T14:30:00,u0426,c009,BR,android,0
2025-01-06T01:20:00,u0494,c002,IN,ios,0
2025-01-06T00:57:00,u0478,c006,BR,android,0
2025-01-05T11:42:00,u0474,c000,US,web,0
2025-01-05T20:35:00,u0125,c000,CA,android,0
2025-01-04T19:10:00,u0394,c009,GB,android,1
2025-01-02T18:18:00,u0304,c004,GB,android,0
2025-01-03T10:04:00,u0368,c004,BR,android,1
2025-01-02T06:30:00,u0293,c007,CA,web,0
2025-01-07T08:37:00,u0063,c006,BR,web,0
2025-01-05T02:00:00,u0324,c007,IN,ios,0
2025-01-03T19:20:00,u0391,c005,DE,android,0
2025-01-04T05:37:00,u0417,c005,CA,android,0
2025-01-07T15:08:00,u0175,c001,DE,ios,0
2025-01-02T01:45:00,u0115,c005,IN,android,0
2025-01-05T02:29:00,u0439,c004,DE,ios,0
2025-01-04T12:59:00,u0203,c002,US,web,0
2025-01-05T06:43:00,u0485,c005,DE,ios,0
2025-01-01T03:02:00,u0320,c007,IN,android,0
2025-01-07T02:31:00,u0030,c008,DE,ios,0
2025-01-07T12:35:00,u0387,c000,GB,web,0
2025-01-04T22:56:00,u0112,c002,BR,android,0
2025-01-05T21:02:00,u0364,c002,US,web,1
2025-01-07T10:58:00,u0433,c007,GB,web,0
2025-01-05T22:48:00,u0324,c000,GB,ios,1
2025-01-02T01:37:00,u0413,c004,IN,web,0
2025-01-05T00:48:00,u0375,c002,BR,android,0
2025-01-05T05:55:00,u0343,c001,BR,web,0
2025-01-03T23:15:00,u0442,c007,CA,web,0
2025-01-06T03:43:00,u0066,c002,US,ios,0
2025-01-07T12:58:00,u0074,c006,IN,web,0
2025-01-07T11:29:00,u0044,c000,US,ios,0
2025-01-04T03:44:00,u0259,c005,CA,ios,0
2025-01-01T19:01:00,u0153,c002,DE,android,0
2025-01-07T21:27:00,u0154,c007,GB,android,0
2025-01-06T20:56:00,u0429,c005,US,android,0
2025-01-01T20:56:00,u0362,c001,GB,android,0
2025-01-07T10:42:00,u0447,c005,IN,ios,0
2025-01-07T02:08:00,u0474,c006,DE,web,0
2025-01-04T15:09:00,u0233,c004,IN,android,0
2025-01-05T03:20:00,u0050,c002,DE,android,0
2025-01-03T19:01:00,u0305,c003,DE,android,0
2025-01-01T09:11:00,u0261,c003,GB,web,0
2025-01-03T08:18:00,u0314,c005,IN,android,0
2025-01-06T14:52:00,u0124,c009,IN,web,0
2025-01-01T00:46:00,u0398,c000,US,ios,0
2025-01-03T08:01:00,u0244,c003,IN,ios,0
2025-01-03T18:53:00,u0029,c009,US,ios,0
2025-01-04T18:16:00,u0425,c003,BR,web,0
2025-01-07T10:32:00,u0484,c009,BR,android,0
2025-01-03T10:11:00,u0121,c000,BR,android,0
2025-01-03T10:17:00,u0124,c008,CA,android,0
2025-01-06T03:54:00,u0036,c003,IN,android,0
2025-01-04T03:58:00,u0169,c006,CA,android,0
2025-01-02T13:44:00,u0123,c002,IN,web,0
2025-01-04T04:00:00,u0356,c009,US,ios,0
2025-01-01T23:39:00,u0034,c002,CA,android,0
2025-01-02T05:37:00,u0086,c007,CA,ios,0
2025-01-04T11:43:00,u0133,c007,CA,web,0
2025-01-03T22:22:00,u0195,c000,DE,web,0
2025-01-07T09:41:00,u0273,c009,US,android,0
2025-01-03T12:52:00,u0200,c001,BR,web,0
2025-01-05T01:32:00,u0368,c007,US,ios,0
2025-01-05T10:13:00,u0284,c000,DE,android,0
2025-01-01T02:11:00,u0076,c007,IN,android,0
2025-01-05T15:28:00,u0058,c007,US,ios,1
2025-01-02T05:54:00,u0430,c001,CA,android,0
2025-01-07T17:27:00,u0125,c003,BR,android,0
2025-01-02T00:58:00,u0499,c005,BR,ios,0
2025-01-03T21:39:00,u0400,c008,IN,android,0
2025-01-01T14:20:00,u0108,c007,US,android,1
2025-01-07T23:28:00,u0223,c007,DE,ios,0
2025-01-04T12:22:00,u0495,c006,IN,web,0
2025-01-05T04:01:00,u0277,c008,US,ios,0
2025-01-01T11:16:00,u0067,c001,GB,android,0
2025-01-06T05:59:00,u0068,c002,BR,ios,0
2025-01-02T11:15:00,u0164,c009,DE,android,0
2025-01-07T06:52:00,u0488,c007,CA,android,1
2025-01-02T10:27:00,u0304,c005,DE,ios,0
2025-01-02T08:02:00,u0396,c009,CA,android,0
2025-01-01T06:08:00,u0161,c008,DE,web,0
2025-01-04T07:18:00,u0364,c009,BR,android,0
2025-01-04T22:53:00,u0341,c003,CA,ios,0
2025-01-01T11:02:00,u0308,c007,US,web,0
2025-01-06T10:17:00,u0378,c009,CA,web,0
2025-01-04T04:09:00,u0342,c002,IN,android,0
2025-01-04T16:05:00,u0434,c002,US,ios,1
2025-01-04T02:02:00,u0386,c007,IN,android,0
2025-01-03T19:19:00,u0041,c004,DE,android,0
2025-01-04T22:01:00,u0353,c002,US,ios,0
2025-01-02T02:04:00,u0415,c009,DE,ios,0
2025-01-02T06:33:00,u0108,c000,GB,android,0
2025-01-07T00:46:00,u0050,c002,DE,web,0
2025-01-07T14:56:00,u0249,c008,DE,android,0
2025-01-03T14:42:00,u0496,c004,IN,web,0
2025-01-02T21:29:00,u0340,c009,CA,android,0
2025-01-05T12:11:00,u0429,c001,GB,ios,0
2025-01-03T20:40:00,u0382,c006,DE,web,0
2025-01-01T04:15:00,u0491,c001,DE,ios,0
2025-01-02T02:14:00,u0020,c003,GB,ios,0
2025-01-06T00:17:00,u0299,c006,GB,ios,0
2025-01-05T14:41:00,u0138,c003,US,ios,0
2025-01-01T04:33:00,u0358,c006,IN,ios,0
2025-01-02T13:17:00,u0323,c006,GB,android,1
2025-01-02T14:49:00,u0498,c000,GB,web,0
2025-01-05T16:52:00,u0384,c005,BR,android,0
2025-01-01T03:18:00,u0091,c008,CA,android,0
2025-01-01T17:29:00,u0446,c001,GB,android,0
2025-01-06T14:23:00,u0279,c002,IN,ios,1
2025-01-02T05:59:00,u0124,c009,CA,android,0
2025-01-05T13:39:00,u0482,c004,CA,web,0
2025-01-02T16:00:00,u0396,c008,DE,android,0
2025-01-01T16:42:00,u0110,c003,DE,ios,1
2025-01-02T16:51:00,u0353,c000,DE,web,1
2025-01-06T01:20:00,u0138,c003,DE,web,0
2025-01-06T23:45:00,u0483,c005,BR,web,0
2025-01-06T19:28:00,u0434,c004,GB,web,0
2025-01-03T18:43:00,u0272,c000,DE,android,0
2025-01-05T16:14:00,u0098,c003,US,ios,0
2025-01-02T10:26:00,u0251,c005,DE,web,1
2025-01-03T01:14:00,u0337,c009,GB,web,0
2025-01-07T06:35:00,u0103,c009,DE,ios,1
2025-01-01T02:11:00,u0213,c003,BR,android,0
2025-01-01T14:21:00,u0248,c008,IN,web,0
2025-01-02T10:55:00,u0151,c004,IN,android,0
2025-01-01T04:27:00,u0249,c007,GB,android,0
2025-01-02T06:28:00,u0274,c008,IN,android,0
2025-01-05T01:57:00,u0164,c009,IN,android,0
2025-01-03T22:47:00,u0486,c004,US,web,1
2025-01-07T05:58:00,u0340,c005,GB,web,0
2025-01-06T17:19:00,u0007,c000,GB,android,0
2025-01-03T09:25:00,u0283,c006,IN,android,0
2025-01-02T19:34:00,u0004,c003,IN,ios,0
2025-01-03T15:47:00,u0144,c001,IN,ios,0
2025-01-05T03:10:00,u0100,c004,CA,ios,0
2025-01-02T21:02:00,u0163,c002,BR,web,0
2025-01-05T08:51:00,u0373,c005,DE,ios,0
2025-01-03T20:46:00,u0146,c007,BR,web,0
2025-01-04T20:44:00,u0063,c006,GB,web,0
2025-01-04T01:16:00,u0090,c002,US,web,0
2025-01-03T01:28:00,u0116,c007,DE,web,0
2025-01-07T15:20:00,u0353,c001,US,ios,0
2025-01-06T08:17:00,u0266,c009,CA,android,0
2025-01-01T23:32:00,u0309,c008,GB,android,0
2025-01-07T01:54:00,u0172,c003,CA,android,0
2025-01-04T09:53:00,u0046,c000,GB,ios,0
2025-01-07T06:17:00,u0139,c007,US,android,0
2025-01-06T14:22:00,u0245,c006,US,ios,0
2025-01-03T23:26:00,u0148,c004,US,ios,0
2025-01-01T03:46:00,u0245,c009,GB,ios,0
2025-01-02T21:08:00,u0394,c004,IN,android,0
2025-01-04T18:59:00,u0486,c006,US,android,0
2025-01-05T10:25:00,u0475,c004,CA,android,0
2025-01-02T19:19:00,u0004,c007,DE,web,0
2025-01-01T23:24:00,u0464,c005,GB,ios,0
2025-01-06T20:16:00,u0183,c004,CA,web,0
2025-01-07T21:22:00,u0019,c008,BR,ios,1
2025-01-04T16:18:00,u0424,c001,BR,android,0
2025-01-02T04:50:00,u0045,c000,DE,ios,0
2025-01-02T21:44:00,u0011,c007,IN,ios,0
2025-01-01T03:05:00,u0069,c002,US,web,0
2025-01-07T09:36:00,u0016,c006,GB,ios,0
2025-01-01T19:46:00,u0370,c009,CA,android,0
2025-01-05T00:51:00,u0146,c007,US,ios,0
2025-01-02T22:02:00,u0153,c005,CA,ios,0
2025-01-04T21:06:00,u0303,c009,GB,ios,0
2025-01-05T13:26:00,u0107,c008,BR,web,0
2025-01-06T19:23:00,u0235,c006,US,ios,0
2025-01-02T10:40:00,u0307,c009,DE,ios,0
2025-01-01T01:50:00,u0351,c004,IN,web,0
2025-01-01T22:59:00,u0069,c007,DE,web,0
2025-01-07T07:12:00,u0182,c001,IN,web,0
2025-01-07T02:48:00,u0249,c006,CA,web,0
2025-01-05T04:21:00,u0227,c003,US,android,0
2025-01-05T04:53:00,u0101,c008,US,android,0
2025-01-05T15:43:00,u0074,c000,IN,ios,0
2025-01-02T05:27:00,u0416,c006,BR,android,0
2025-01-07T09:37:00,u0445,c005,GB,ios,0
2025-01-03T22:21:00,u0215,c007,DE,android,0
2025-01-03T16:22:00,u0406,c004,CA,web,0
2025-01-04T15:10:00,u0398,c000,DE,web,0
2025-01-01T07:53:00,u0410,c000,DE,android,0
2025-01-02T03:56:00,u0202,c008,CA,android,0
2025-01-06T03:59:00,u0191,c009,CA,ios,0
2025-01-01T13:54:00,u0248,c005,US,ios,0
2025-01-05T05:19:00,u0498,c009,DE,ios,0
2025-01-02T17:13:00,u0241,c004,GB,web,0
2025-01-03T17:24:00,u0464,c000,GB,web,0
2025-01-03T00:30:00,u0178,c005,IN,web,0
2025-01-03T11:45:00,u0436,c005,CA,web,0
2025-01-06T00:47:00,u0461,c002,US,ios,0
2025-01-03T01:54:00,u0218,c007,GB,web,0
2025-01-04T23:09:00,u0081,c000,BR,web,0
2025-01-04T07:58:00,u0091,c000,US,web,0
2025-01-05T15:29:00,u0434,c005,US,web,0
2025-01-07T13:23:00,u0174,c009,GB,android,0
2025-01-06T03:04:00,u0238,c000,BR,ios,0
2025-01-02T12:06:00,u0259,c005,IN,ios,0
2025-01-01T05:14:00,u0390,c000,GB,web,1
2025-01-02T20:03:00,u0364,c005,BR,android,0
2025-01-05T03:58:00,u0162,c002,US,ios,0
2025-01-01T08:38:00,u0047,c007,BR,ios,0
2025-01-04T11:23:00,u0328,c005,US,web,0
2025-01-05T04:16:00,u0327,c000,GB,web,0
2025-01-03T08:09:00,u0115,c004,CA,ios,0
2025-01-06T09:30:00,u0428,c007,GB,ios,0
2025-01-01T17:54:00,u0336,c002,DE,android,0
2025-01-01T12:37:00,u0336,c005,DE,ios,0
2025-01-06T02:20:00,u0368,c004,DE,ios,1
2025-01-04T11:14:00,u0224,c005,GB,web,0
2025-01-05T19:39:00,u0351,c009,IN,ios,0
2025-01-04T01:03:00,u0327,c000,GB,web,0
2025-01-02T17:23:00,u0146,c006,CA,ios,1
2025-01-06T17:36:00,u0062,c008,BR,ios,0
2025-01-06T14:18:00,u0293,c001,GB,ios,0
2025-01-05T20:42:00,u0322,c009,GB,android,1
2025-01-02T21:43:00,u0442,c004,US,web,1
2025-01-05T03:09:00,u0324,c009,US,android,0
2025-01-03T12:38:00,u0012,c003,US,ios,0
2025-01-01T15:23:00,u0430,c005,GB,android,0
2025-01-07T10:06:00,u0493,c005,IN,web,0
2025-01-01T22:59:00,u0188,c001,BR,ios,0
2025-01-07T15:38:00,u0286,c001,BR,android,0
2025-01-04T02:55:00,u0207,c003,CA,android,0
2025-01-02T07:06:00,u0113,c000,IN,web,0
2025-01-04T19:02:00,u0479,c008,IN,android,0
2025-01-07T02:39:00,u0021,c006,BR,web,0
2025-01-06T03:00:00,u0348,c006,DE,ios,0
2025-01-06T15:30:00,u0213,c002,US,ios,0
2025-01-05T14:40:00,u0170,c002,US,android,0
2025-01-05T20:18:00,u0322,c000,BR,ios,0
2025-01-06T22:39:00,u0053,c002,IN,ios,0
2025-01-02T17:56:00,u0393,c002,CA,android,0
2025-01-04T10:13:00,u0297,c003,DE,ios,0
2025-01-02T13:09:00,u0319,c003,BR,android,0
2025-01-07T21:55:00,u0125,c002,US,web,0
2025-01-07T14:36:00,u0276,c009,GB,web,0
2025-01-01T06:37:00,u0463,c007,IN,web,0
2025-01-05T22:32:00,u0203,c007,GB,android,0
2025-01-07T11:26:00,u0193,c000,CA,android,0
2025-01-02T06:20:00,u0168,c006,BR,ios,0
2025-01-04T23:24:00,u0151,c001,US,ios,0
2025-01-07T09:48:00,u0034,c000,DE,ios,0
2025-01-01T05:42:00,u0183,c002,GB,ios,0
2025-01-05T21:09:00,u0285,c003,DE,ios,0
2025-01-03T01:57:00,u0056,c005,CA,android,0
2025-01-07T11:17:00,u0221,c009,US,android,0
2025-01-07T19:08:00,u0302,c004,GB,web,0
2025-01-07T14:38:00,u0162,c003,CA,web,0
2025-01-04T07:40:00,u0018,c007,DE,web,0
2025-01-07T00:49:00,u0369,c003,DE,web,0
2025-01-06T21:53:00,u0263,c009,GB,android,0
2025-01-03T05:36:00,u0281,c001,US,android,1
2025-01-06T19:15:00,u0112,c002,DE,android,0
2025-01-01T06:13:00,u0487,c005,BR,ios,0
2025-01-05T04:10:00,u0326,c007,CA,ios,0
2025-01-02T14:38:00,u0029,c007,GB,web,0
2025-01-01T20:15:00,u0134,c008,IN,ios,0
2025-01-01T12:55:00,u0066,c006,IN,android,0
2025-01-05T20:58:00,u0064,c001,US,web,0
2025-01-03T09:05:00,u0291,c007,BR,web,0
2025-01-06T01:45:00,u0024,c006,DE,ios,1
2025-01-01T10:58:00,u0036,c007,IN,web,0
2025-01-03T04:58:00,u0000,c002,US,ios,0
2025-01-04T18:38:00,u0398,c006,CA,ios,0
2025-01-06T12:50:00,u0036,c009,BR,web,0
2025-01-03T05:33:00,u0140,c008,BR,ios,0
2025-01-05T09:08:00,u0231,c002,US,ios,0
2025-01-07T04:50:00,u0135,c009,US,ios,1
2025-01-05T07:27:00,u0388,c005,DE,ios,0
2025-01-02T15:08:00,u0187,c001,US,web,0
2025-01-01T04:05:00,u0127,c001,DE,android,0
2025-01-07T02:10:00,u0200,c004,DE,android,0
2025-01-01T03:34:00,u0126,c004,GB,ios,0
2025-01-07T02:56:00,u0256,c006,BR,ios,0
2025-01-04T16:51:00,u0163,c001,CA,ios,0
2025-01-07T13:45:00,u0034,c006,BR,android,0
2025-01-06T14:11:00,u0193,c004,BR,ios,0
2025-01-07T23:39:00,u0190,c005,GB,web,0
2025-01-03T10:55:00,u0103,c007,DE,web,0
2025-01-06T08:53:00,u0022,c009,DE,web,0
2025-01-03T19:31:00,u0264,c003,US,android,0
2025-01-04T08:37:00,u0289,c006,GB,ios,0
2025-01-05T09:25:00,u0429,c005,US,ios,0
2025-01-07T02:46:00,u0461,c009,GB,ios,0
2025-01-07T21:19:00,u0383,c001,US,android,0
2025-01-06T09:04:00,u0259,c007,IN,android,0
2025-01-03T22:11:00,u0413,c009,BR,android,0
2025-01-03T22:47:00,u0478,c008,BR,android,0
2025-01-06T03:54:00,u0357,c004,CA,web,0
2025-01-02T16:06:00,u0074,c009,DE,android,0
2025-01-01T18:33:00,u0354,c003,CA,android,1
2025-01-03T11:34:00,u0071,c005,IN,android,0
2025-01-03T00:15:00,u0258,c007,CA,ios,1
2025-01-03T01:46:00,u0397,c002,BR,ios,0
2025-01-02T15:14:00,u0187,c009,DE,ios,0
2025-01-01T07:04:00,u0460,c000,IN,web,0
2025-01-01T03:00:00,u0172,c003,BR,web,0
2025-01-07T21:56:00,u0479,c003,US,android,0
2025-01-03T23:51:00,u0289,c000,GB,ios,0
2025-01-03T16:34:00,u0044,c008,IN,web,0
2025-01-05T18:10:00,u0060,c002,DE,ios,0
2025-01-02T12:39:00,u0082,c004,CA,web,0
2025-01-07T15:35:00,u0122,c005,CA,web,0
2025-01-06T12:06:00,u0357,c007,IN,android,0
2025-01-01T15:01:00,u0015,c005,DE,android,0
2025-01-03T22:09:00,u0065,c002,IN,web,0
2025-01-07T03:41:00,u0423,c005,DE,android,0
2025-01-07T14:42:00,u0144,c000,CA,web,0
2025-01-04T06:31:00,u0374,c003,BR,web,0
2025-01-05T07:03:00,u0161,c005,US,ios,0
2025-01-02T04:03:00,u0233,c006,BR,android,0
2025-01-07T22:30:00,u0379,c009,US,android,0
2025-01-02T14:55:00,u0143,c002,CA,android,1
2025-01-07T14:22:00,u0357,c008,BR,ios,0
2025-01-05T13:08:00,u0187,c006,BR,ios,0
2025-01-05T06:05:00,u0321,c000,IN,ios,1
2025-01-04T14:07:00,u0449,c001,GB,android,0
2025-01-02T14:45:00,u0473,c000,CA,android,0
2025-01-02T05:39:00,u0012,c008,DE,android,0
2025-01-02T13:02:00,u0183,c008,CA,ios,0
2025-01-02T07:19:00,u0110,c006,DE,ios,0
2025-01-06T10:58:00,u0414,c009,DE,web,0
2025-01-03T10:49:00,u0289,c002,US,ios,0
2025-01-01T09:43:00,u0294,c004,DE,web,0
2025-01-07T18:48:00,u0450,c003,DE,android,0
2025-01-07T04:28:00,u0391,c006,IN,ios,0
2025-01-07T11:51:00,u0214,c008,BR,android,0
2025-01-07T23:08:00,u0461,c001,CA,android,0
2025-01-02T05:12:00,u0119,c007,CA,android,0
2025-01-03T18:34:00,u0381,c008,DE,android,0
2025-01-06T07:23:00,u0054,c009,GB,ios,0
2025-01-05T20:55:00,u0026,c009,CA,android,0
2025-01-02T01:51:00,u0117,c008,DE,web,0
2025-01-06T17:03:00,u0220,c009,US,ios,0
2025-01-02T13:42:00,u0230,c006,US,android,0
2025-01-02T13:36:00,u0052,c008,US,ios,0
2025-01-04T18:12:00,u0294,c008,DE,web,0
2025-01-05T03:36:00,u0320,c002,IN,android,0
2025-01-05T01:27:00,u0400,c003,GB,web,0
2025-01-01T15:22:00,u0232,c001,DE,android,0
2025-01-07T03:24:00,u0157,c009,IN,web,0
2025-01-02T20:37:00,u0436,c002,IN,android,0
2025-01-01T21:45:00,u0268,c004,CA,ios,0
2025-01-07T05:18:00,u0020,c004,DE,android,0
2025-01-07T16:32:00,u0402,c005,DE,ios,0
2025-01-07T00:50:00,u0052,c006,IN,android,0
2025-01-06T15:59:00,u0274,c006,IN,android,0
2025-01-05T14:04:00,u0312,c000,IN,web,1
2025-01-04T20:32:00,u0280,c001,CA,web,0
2025-01-01T14:36:00,u0213,c008,DE,web,0
2025-01-03T20:37:00,u0030,c009,IN,android,0
2025-01-03T14:36:00,u0336,c001,US,android,0
2025-01-02T19:38:00,u0182,c005,DE,android,0
2025-01-06T01:32:00,u0022,c000,CA,ios,0
2025-01-04T11:18:00,u0031,c002,US,ios,0
2025-01-01T13:36:00,u0445,c001,BR,android,0
2025-01-02T12:59:00,u0073,c002,DE,web,0
2025-01-05T18:47:00,u0009,c004,BR,web,0
2025-01-01T12:47:00,u0483,c009,IN,web,0
2025-01-06T23:00:00,u0455,c005,CA,android,0
2025-01-04T11:11:00,u0053,c008,IN,web,0
2025-01-04T08:44:00,u0051,c009,CA,android,0
2025-01-05T03:31:00,u0147,c003,GB,ios,0
2025-01-06T18:32:00,u0159,c006,IN,web,0
2025-01-03T10:25:00,u0369,c005,BR,ios,0
2025-01-05T17:54:00,u0013,c001,CA,web,1
2025-01-04T23:02:00,u0177,c009,IN,android,0
2025-01-02T20:51:00,u0411,c007,DE,android,0
2025-01-07T03:36:00,u0365,c006,CA,android,0
2025-01-06T13:58:00,u0499,c006,CA,android,1
2025-01-05T14:37:00,u0052,c007,IN,web,0
2025-01-06T22:53:00,u0407,c000,GB,ios,0
2025-01-07T01:42:00,u0334,c000,IN,android,0
2025-01-05T23:00:00,u0021,c007,BR,web,0
2025-01-06T20:37:00,u0029,c003,BR,ios,0
2025-01-05T21:10:00,u0190,c004,CA,android,0
2025-01-05T18:15:00,u0259,c007,CA,ios,0
2025-01-05T07:55:00,u0204,c004,IN,android,0
2025-01-06T06:27:00,u0058,c009,BR,ios,0
2025-01-02T02:38:00,u0470,c003,BR,ios,0
2025-01-07T03:59:00,u0263,c005,GB,android,0
2025-01-07T02:28:00,u0465,c004,DE,web,0
2025-01-01T04:54:00,u0011,c006,GB,ios,0
2025-01-06T18:44:00,u0118,c009,US,android,0
2025-01-01T21:39:00,u0414,c006,GB,ios,0
2025-01-03T08:17:00,u0461,c003,IN,ios,0
2025-01-06T04:54:00,u0289,c004,DE,web,0
2025-01-02T03:00:00,u0337,c002,IN,ios,0
2025-01-06T17:25:00,u0247,c003,US,ios,0
2025-01-06T19:47:00,u0353,c003,DE,android,1
2025-01-04T13:15:00,u0126,c002,CA,android,0
2025-01-01T01:04:00,u0074,c009,BR,web,0
2025-01-03T00:13:00,u0360,c004,GB,ios,0
2025-01-05T07:38:00,u0203,c004,IN,ios,1
2025-01-07T20:50:00,u0048,c006,US,ios,0
2025-01-05T10:08:00,u0078,c003,BR,web,0
2025-01-02T19:38:00,u0440,c003,GB,ios,0
2025-01-05T10:30:00,u0478,c008,BR,android,0
2025-01-04T18:43:00,u0240,c005,GB,web,0
2025-01-06T11:00:00,u0348,c003,CA,android,0
2025-01-01T17:58:00,u0153,c001,DE,android,0
2025-01-06T07:51:00,u0273,c005,BR,web,0
2025-01-04T18:55:00,u0095,c001,BR,android,0
2025-01-07T17:46:00,u0213,c004,BR,ios,1
2025-01-03T09:26:00,u0293,c005,DE,web,0
2025-01-05T10:16:00,u0208,c003,US,android,0
2025-01-07T12:34:00,u0342,c002,GB,ios,0
2025-01-01T17:13:00,u0087,c006,CA,ios,0
2025-01-07T13:27:00,u0305,c001,BR,android,0
2025-01-05T19:33:00,u0263,c005,DE,ios,1
2025-01-01T11:23:00,u0424,c003,US,web,1
2025-01-03T02:33:00,u0389,c005,GB,android,0
2025-01-05T22:58:00,u0324,c003,DE,ios,0
2025-01-01T11:18:00,u0427,c003,CA,ios,0
2025-01-05T01:48:00,u0376,c003,CA,android,0
2025-01-03T10:06:00,u0319,c008,GB,android,0
2025-01-05T08:18:00,u0156,c006,BR,android,0
2025-01-01T07:41:00,u0155,c002,CA,android,0
2025-01-07T02:25:00,u0138,c002,US,web,0
2025-01-07T19:32:00,u0120,c005,DE,android,0
2025-01-07T18:46:00,u0064,c005,US,web,0
2025-01-06T05:56:00,u0106,c003,BR,web,0
2025-01-01T21:51:00,u0146,c008,US,android,0
2025-01-06T07:23:00,u0136,c003,US,web,0
2025-01-01T04:07:00,u0410,c008,IN,android,0
2025-01-01T03:43:00,u0161,c003,US,android,0
2025-01-03T06:21:00,u0427,c001,GB,ios,0
2025-01-04T10:05:00,u0451,c001,DE,android,0
2025-01-06T09:25:00,u0099,c004,IN,ios,0
2025-01-05T18:47:00,u0337,c003,DE,web,0
2025-01-04T02:54:00,u0398,c006,DE,ios,1
2025-01-02T21:58:00,u0306,c004,BR,web,0
2025-01-07T23:31:00,u0140,c005,BR,android,0
2025-01-03T23:35:00,u0082,c009,IN,web,0
2025-01-04T03:49:00,u0176,c003,CA,web,0
2025-01-02T03:29:00,u0197,c001,BR,android,0
2025-01-06T13:31:00,u0111,c009,BR,web,0
2025-01-05T20:32:00,u0055,c008,BR,android,0
2025-01-02T13:05:00,u0459,c009,DE,ios,1
2025-01-01T13:50:00,u0178,c006,IN,android,0
2025-01-05T18:19:00,u0420,c003,DE,android,0
2025-01-05T13:57:00,u0400,c002,GB,web,0
2025-01-02T21:54:00,u0185,c009,DE,ios,0
2025-01-07T15:44:00,u0470,c002,GB,android,0
2025-01-02T01:22:00,u0217,c008,US,ios,0
2025-01-04T00:37:00,u0412,c004,US,ios,0
2025-01-07T14:31:00,u0416,c002,GB,web,0
2025-01-03T22:30:00,u0315,c004,GB,android,0
2025-01-05T11:16:00,u0474,c001,DE,web,0
2025-01-03T18:47:00,u0216,c003,GB,android,0
2025-01-02T22:04:00,u0119,c009,IN,ios,1
2025-01-07T21:18:00,u0438,c001,US,android,1
2025-01-03T20:46:00,u0393,c001,US,android,0
2025-01-07T06:12:00,u0174,c007,CA,ios,0
2025-01-02T14:37:00,u0022,c000,GB,ios,0
2025-01-02T11:48:00,u0212,c006,BR,android,1
2025-01-01T05:13:00,u0404,c004,BR,web,0
2025-01-05T13:28:00,u0234,c007,GB,android,0
2025-01-03T13:54:00,u0012,c000,IN,ios,0
2025-01-07T01:12:00,u0100,c006,BR,web,0
2025-01-04T07:29:00,u0416,c004,CA,ios,0
2025-01-07T18:39:00,u0023,c003,GB,ios,0
2025-01-02T07:10:00,u0363,c006,IN,web,1
2025-01-07T01:55:00,u0010,c009,IN,ios,0
2025-01-06T10:28:00,u0272,c001,DE,ios,0
2025-01-06T09:30:00,u0451,c000,IN,ios,0
2025-01-06T21:55:00,u0430,c000,BR,ios,0
2025-01-06T07:51:00,u0280,c000,BR,ios,0
2025-01-05T09:12:00,u0093,c004,GB,ios,0
2025-01-01T22:02:00,u0200,c009,GB,ios,0
2025-01-01T05:27:00,u0020,c006,IN,ios,1
2025-01-07T10:42:00,u0339,c001,CA,ios,0
2025-01-05T07:35:00,u0466,c009,US,android,0
2025-01-06T13:49:00,u0210,c007,DE,android,0
2025-01-04T08:53:00,u0139,c003,US,ios,0
2025-01-01T19:42:00,u0292,c002,IN,android,1
2025-01-01T21:01:00,u0297,c009,IN,web,0
2025-01-05T19:10:00,u0400,c007,US,android,0
2025-01-04T00:17:00,u0100,c001,DE,ios,0
2025-01-02T09:41:00,u0303,c002,US,ios,0
2025-01-04T10:35:00,u0358,c002,GB,android,0
2025-01-01T10:47:00,u0027,c009,BR,ios,0
2025-01-05T01:46:00,u0040,c000,CA,web,0
2025-01-02T21:11:00,u0354,c005,GB,web,0
2025-01-06T13:59:00,u0302,c001,BR,ios,0
2025-01-03T04:08:00,u0495,c000,CA,web,0
2025-01-04T04:28:00,u0145,c001,CA,web,0
2025-01-01T01:57:00,u0255,c005,CA,android,0
2025-01-01T12:10:00,u0461,c003,IN,web,0
2025-01-03T17:56:00,u0226,c005,CA,android,0
2025-01-04T08:37:00,u0235,c008,DE,ios,0
2025-01-05T04:48:00,u0360,c009,US,android,0
2025-01-03T00:59:00,u0379,c009,DE,ios,0
2025-01-05T20:45:00,u0454,c007,US,ios,0
2025-01-07T00:30:00,u0488,c000,GB,ios,0
2025-01-06T11:00:00,u0012,c007,GB,ios,0
2025-01-01T06:39:00,u0209,c008,US,ios,1
2025-01-04T08:43:00,u0228,c005,DE,android,0
2025-01-01T17:37:00,u0396,c009,US,ios,0
2025-01-02T16:39:00,u0099,c004,CA,web,0
2025-01-07T21:45:00,u0030,c005,IN,web,0
2025-01-01T23:56:00,u0385,c005,GB,ios,0
2025-01-04T11:48:00,u0015,c008,IN,web,0
2025-01-05T07:51:00,u0136,c003,CA,android,0
2025-01-05T22:00:00,u0328,c001,CA,android,0
2025-01-04T22:01:00,u0165,c008,GB,ios,0
2025-01-01T01:38:00,u0458,c001,GB,ios,0
2025-01-03T06:50:00,u0309,c009,CA,ios,0
2025-01-04T14:58:00,u0439,c008,BR,web,0
2025-01-01T14:45:00,u0469,c001,IN,web,0
2025-01-03T10:54:00,u0480,c007,IN,android,0
2025-01-01T05:34:00,u0099,c008,BR,web,0
2025-01-01T13:12:00,u0108,c009,DE,android,0
2025-01-03T18:40:00,u0342,c008,IN,web,0
2025-01-01T22:17:00,u0172,c009,US,android,0
2025-01-04T23:20:00,u0236,c008,CA,ios,0
2025-01-05T19:49:00,u0161,c001,CA,web,1
2025-01-06T14:29:00,u0392,c003,BR,android,0
2025-01-02T09:37:00,u0215,c006,IN,web,0
2025-01-02T04:08:00,u0263,c001,DE,ios,0
2025-01-01T17:34:00,u0262,c000,IN,android,0
2025-01-05T10:55:00,u0291,c002,CA,web,0
2025-01-05T22:41:00,u0273,c003,GB,web,0
2025-01-01T05:18:00,u0002,c007,US,ios,1
2025-01-07T13:17:00,u0027,c005,BR,ios,0
2025-01-01T08:43:00,u0325,c001,GB,android,0
2025-01-04T18:56:00,u0491,c008,DE,web,0
2025-01-05T23:07:00,u0427,c001,GB,web,0
2025-01-07T02:19:00,u0148,c004,GB,ios,0
2025-01-05T23:57:00,u0027,c003,DE,ios,0
2025-01-06T14:41:00,u0487,c006,GB,android,0
2025-01-03T09:01:00,u0309,c007,BR,web,0
2025-01-06T16:53:00,u0437,c004,CA,web,0
2025-01-01T13:27:00,u0064,c009,IN,android,0
2025-01-07T06:19:00,u0355,c004,GB,android,1
2025-01-04T19:59:00,u0020,c001,BR,ios,0
2025-01-06T17:18:00,u0251,c007,IN,ios,0
2025-01-04T03:59:00,u0234,c001,IN,android,1
2025-01-05T12:07:00,u0226,c009,GB,android,0
2025-01-04T16:26:00,u0012,c005,BR,web,0
2025-01-06T02:54:00,u0312,c007,CA,android,0
2025-01-01T13:42:00,u0048,c005,GB,android,0
2025-01-01T10:08:00,u0117,c003,DE,web,0
2025-01-02T17:30:00,u0053,c003,IN,android,0
2025-01-02T02:48:00,u0137,c005,GB,ios,0
2025-01-07T02:27:00,u0052,c003,IN,ios,0
2025-01-02T12:49:00,u0043,c007,BR,web,0
2025-01-07T19:56:00,u0302,c008,US,android,1
2025-01-03T08:35:00,u0052,c000,GB,ios,0
2025-01-02T06:35:00,u0073,c003,CA,ios,0
2025-01-06T12:40:00,u0045,c003,GB,ios,0
2025-01-05T14:39:00,u0012,c001,IN,ios,0
2025-01-04T11:41:00,u0164,c005,BR,android,1
2025-01-04T21:18:00,u0101,c002,DE,android,0
2025-01-06T00:49:00,u0279,c006,CA,android,0
2025-01-02T14:22:00,u0257,c004,BR,android,0
2025-01-07T23:23:00,u0469,c003,GB,ios,0
2025-01-07T19:45:00,u0336,c004,DE,web,0
2025-01-05T13:15:00,u0355,c007,BR,web,0
2025-01-02T09:31:00,u0397,c002,US,ios,1
2025-01-05T18:16:00,u0137,c006,CA,ios,0
2025-01-01T12:07:00,u0162,c005,IN,web,1
2025-01-01T05:08:00,u0408,c000,BR,web,0
2025-01-02T19:17:00,u0386,c006,BR,ios,0
2025-01-04T05:43:00,u0110,c006,US,ios,1
2025-01-07T01:52:00,u0101,c000,GB,android,1
2025-01-06T02:09:00,u0016,c008,CA,android,0
2025-01-06T04:46:00,u0267,c005,CA,web,0
2025-01-03T23:28:00,u0181,c001,IN,ios,0
2025-01-03T10:07:00,u0371,c004,BR,web,0
2025-01-03T14:20:00,u0023,c003,DE,android,0
2025-01-07T21:55:00,u0028,c006,BR,android,0
2025-01-01T06:44:00,u0170,c007,IN,web,0
2025-01-07T01:39:00,u0408,c000,BR,android,0
2025-01-05T01:13:00,u0227,c004,US,ios,0
2025-01-04T01:41:00,u0377,c002,BR,web,0
2025-01-06T01:50:00,u0187,c000,BR,ios,0
2025-01-04T09:45:00,u0345,c002,DE,ios,0
2025-01-07T02:44:00,u0229,c005,US,android,0
2025-01-07T07:19:00,u0320,c006,US,ios,0
2025-01-03T22:50:00,u0339,c007,BR,web,0
2025-01-02T22:30:00,u0118,c003,CA,ios,1
2025-01-05T03:30:00,u0155,c002,DE,ios,1
2025-01-07T09:16:00,u0271,c004,BR,ios,0
2025-01-02T11:23:00,u0174,c008,BR,ios,0
2025-01-05T08:39:00,u0464,c005,IN,ios,0
2025-01-05T10:06:00,u0103,c008,IN,android,0
2025-01-06T03:09:00,u0091,c005,CA,web,0
2025-01-01T22:06:00,u0185,c001,DE,android,0
2025-01-06T00:15:00,u0459,c004,GB,web,0
2025-01-07T08:43:00,u0282,c008,IN,web,0
2025-01-02T06:11:00,u0180,c007,GB,web,0
2025-01-02T15:54:00,u0169,c006,US,web,0
2025-01-07T19:11:00,u0186,c000,IN,web,0
2025-01-02T06:24:00,u0174,c003,IN,ios,0
2025-01-06T23:32:00,u0221,c006,DE,android,0
2025-01-04T10:42:00,u0232,c006,CA,android,0
2025-01-02T17:32:00,u0161,c005,GB,ios,0
2025-01-07T02:17:00,u0420,c007,IN,web,0
2025-01-04T02:48:00,u0133,c005,IN,android,0
2025-01-04T14:29:00,u0390,c009,DE,ios,0
2025-01-03T12:21:00,u0479,c002,DE,ios,0
2025-01-05T03:36:00,u0223,c003,CA,android,0
2025-01-02T03:28:00,u0152,c002,GB,android,0
2025-01-03T17:42:00,u0032,c000,US,web,0
2025-01-07T18:51:00,u0054,c009,CA,web,0
2025-01-02T19:21:00,u0441,c004,US,android,0
2025-01-05T14:19:00,u0006,c000,BR,web,0
2025-01-03T06:37:00,u0243,c000,IN,ios,0
2025-01-06T09:56:00,u0312,c001,GB,web,0
2025-01-01T21:59:00,u0125,c003,CA,web,0
2025-01-07T18:55:00,u0011,c005,IN,ios,0
2025-01-04T04:14:00,u0015,c007,GB,web,0
2025-01-02T15:39:00,u0207,c002,GB,ios,0
2025-01-01T12:20:00,u0042,c000,GB,web,0
2025-01-02T04:31:00,u0372,c002,IN,android,0
2025-01-04T15:19:00,u0483,c002,CA,web,0
2025-01-03T08:36:00,u0460,c004,DE,android,0
2025-01-06T19:15:00,u0134,c003,IN,android,0
2025-01-04T00:23:00,u0227,c003,GB,android,0
2025-01-02T17:47:00,u0110,c008,CA,android,0
2025-01-05T07:40:00,u0306,c006,BR,android,0
2025-01-05T22:44:00,u0456,c003,US,ios,0
2025-01-02T04:03:00,u0159,c002,GB,ios,0
2025-01-02T04:09:00,u0330,c005,BR,ios,1
2025-01-01T06:09:00,u0263,c002,DE,android,0
2025-01-06T03:42:00,u0224,c005,GB,web,0
2025-01-05T15:31:00,u0470,c008,BR,ios,0
2025-01-04T07:44:00,u0216,c005,GB,web,0
2025-01-06T21:49:00,u0455,c003,IN,web,0
2025-01-06T15:21:00,u0044,c004,CA,android,0
2025-01-05T02:20:00,u0213,c005,BR,android,0
2025-01-07T01:52:00,u0058,c002,CA,android,0
2025-01-02T10:34:00,u0131,c007,IN,ios,0
2025-01-01T18:48:00,u0103,c003,IN,android,1
2025-01-02T21:19:00,u0194,c007,CA,ios,0
2025-01-01T09:35:00,u0412,c009,BR,ios,0
2025-01-04T17:14:00,u0488,c009,CA,ios,0
2025-01-07T13:20:00,u0156,c002,CA,ios,0
2025-01-01T06:36:00,u0097,c009,US,android,0
2025-01-01T20:30:00,u0225,c006,BR,ios,0
2025-01-04T03:58:00,u0411,c008,US,android,0
2025-01-07T12:53:00,u0204,c003,GB,android,0
2025-01-03T05:06:00,u0078,c007,CA,ios,0
2025-01-04T13:12:00,u0123,c002,GB,android,0
2025-01-01T06:59:00,u0470,c006,BR,web,0
2025-01-02T00:55:00,u0427,c002,CA,android,0
2025-01-07T21:45:00,u0217,c006,GB,android,0
2025-01-07T18:08:00,u0003,c009,DE,ios,0
2025-01-01T00:49:00,u0089,c009,IN,ios,1
2025-01-07T15:54:00,u0103,c005,CA,android,0
2025-01-05T11:22:00,u0392,c001,IN,ios,0
2025-01-07T01:48:00,u0118,c002,US,web,0
2025-01-04T04:23:00,u0132,c005,GB,web,0
2025-01-04T14:37:00,u0311,c003,US,ios,0
2025-01-04T10:07:00,u0095,c005,CA,android,0
2025-01-05T16:01:00,u0467,c000,IN,web,0
2025-01-01T23:27:00,u0433,c009,IN,web,0
2025-01-01T05:02:00,u0330,c000,GB,android,0
2025-01-03T03:43:00,u0142,c002,CA,ios,0
2025-01-05T22:23:00,u0287,c007,DE,web,0
2025-01-02T09:54:00,u0027,c007,DE,android,0
2025-01-05T17:08:00,u0277,c003,GB,android,0
2025-01-07T18:56:00,u0232,c005,CA,web,0
2025-01-01T15:46:00,u0016,c007,GB,ios,0
2025-01-05T16:59:00,u0058,c006,CA,web,0
2025-01-04T02:33:00,u0089,c006,US,android,0
2025-01-07T01:50:00,u0491,c003,GB,web,0
2025-01-02T05:45:00,u0198,c008,CA,ios,0
2025-01-05T20:21:00,u0361,c009,DE,android,0
2025-01-06T20:48:00,u0440,c005,CA,ios,0
2025-01-07T14:41:00,u0025,c002,CA,web,0
2025-01-05T18:47:00,u0024,c004,GB,web,0
2025-01-04T11:31:00,u0393,c004,US,ios,0
2025-01-05T07:47:00,u0300,c004,US,web,0
2025-01-07T01:58:00,u0338,c007,US,ios,0
2025-01-04T23:51:00,u0266,c008,US,web,0
2025-01-01T05:06:00,u0460,c008,BR,ios,0
2025-01-07T12:23:00,u0180,c005,GB,ios,0
2025-01-05T19:50:00,u0455,c005,IN,android,0
2025-01-05T17:39:00,u0359,c008,GB,android,0
2025-01-02T12:14:00,u0067,c003,BR,ios,0
2025-01-05T14:41:00,u0494,c005,US,web,0
2025-01-03T18:10:00,u0350,c003,BR,web,0
2025-01-05T13:24:00,u0411,c000,DE,web,0
2025-01-01T17:54:00,u0458,c006,DE,ios,0
2025-01-05T14:31:00,u0490,c009,GB,ios,0
2025-01-07T23:54:00,u0320,c005,GB,ios,0
2025-01-01T08:05:00,u0048,c008,IN,ios,0
2025-01-07T20:09:00,u0174,c006,IN,android,0
2025-01-03T20:21:00,u0051,c006,DE,ios,0
2025-01-07T02:17:00,u0101,c001,US,web,1
2025-01-06T11:26:00,u0215,c008,BR,android,0
2025-01-04T23:15:00,u0437,c009,IN,web,0
2025-01-06T04:03:00,u0187,c008,CA,ios,0
2025-01-07T03:35:00,u0056,c005,IN,android,0
2025-01-03T19:53:00,u0046,c002,US,ios,0
2025-01-03T06:56:00,u0158,c000,US,android,0
2025-01-05T16:09:00,u0488,c003,GB,web,0
2025-01-06T15:43:00,u0173,c002,BR,ios,0
2025-01-06T08:03:00,u0241,c000,US,ios,0
2025-01-06T14:01:00,u0281,c002,IN,android,0
2025-01-04T01:10:00,u0240,c003,IN,android,0
2025-01-06T17:23:00,u0369,c007,DE,ios,0
2025-01-01T20:11:00,u0004,c008,US,android,0
2025-01-04T19:28:00,u0083,c002,CA,ios,0
2025-01-01T00:58:00,u0307,c005,GB,android,0
2025-01-03T06:31:00,u0360,c009,BR,web,0
2025-01-03T13:33:00,u0458,c004,CA,android,0
2025-01-03T18:33:00,u0247,c005,GB,web,0
2025-01-05T20:50:00,u0053,c003,IN,android,0
2025-01-03T17:16:00,u0160,c009,CA,android,0
2025-01-04T03:22:00,u0433,c005,GB,ios,0
2025-01-02T15:54:00,u0421,c006,IN,android,0
2025-01-03T14:42:00,u0410,c008,IN,android,0
2025-01-02T14:10:00,u0225,c009,IN,web,0
2025-01-01T12:17:00,u0014,c006,IN,android,0
2025-01-05T05:22:00,u0223,c005,IN,ios,0
2025-01-05T16:15:00,u0060,c000,DE,web,0
2025-01-05T08:04:00,u0121,c001,CA,ios,0
2025-01-04T05:52:00,u0276,c000,GB,ios,0
2025-01-03T15:48:00,u0045,c008,DE,ios,0
2025-01-07T01:02:00,u0452,c009,DE,ios,0
2025-01-04T15:12:00,u0389,c009,US,web,1
2025-01-04T08:30:00,u0293,c008,US,android,0
2025-01-01T04:18:00,u0061,c006,US,ios,0
2025-01-03T09:19:00,u0085,c001,BR,web,0
2025-01-03T15:52:00,u0445,c005,US,ios,0
2025-01-03T19:00:00,u0209,c003,GB,android,0
2025-01-05T01:28:00,u0077,c000,DE,web,0
2025-01-04T17:38:00,u0201,c000,GB,web,0
2025-01-05T06:07:00,u0301,c004,CA,android,0
2025-01-06T08:30:00,u0396,c001,US,web,0
2025-01-06T16:34:00,u0222,c003,BR,android,0
2025-01-06T00:38:00,u0221,c000,CA,web,0
2025-01-07T16:31:00,u0002,c003,BR,web,0
2025-01-01T03:03:00,u0477,c005,CA,android,0
2025-01-02T08:53:00,u0005,c009,DE,android,0
2025-01-01T01:16:00,u0092,c003,GB,web,0
2025-01-05T12:46:00,u0007,c000,IN,web,0
2025-01-07T06:52:00,u0427,c006,GB,android,0
2025-01-02T16:54:00,u0492,c001,US,android,0
2025-01-07T11:44:00,u0234,c008,IN,web,0
2025-01-01T10:07:00,u0107,c002,BR,web,0
2025-01-07T12:59:00,u0160,c007,DE,web,0
2025-01-03T11:04:00,u0208,c007,DE,android,0
2025-01-01T17:02:00,u0239,c002,BR,web,0
2025-01-04T09:37:00,u0330,c003,US,ios,0
2025-01-02T19:08:00,u0332,c001,BR,android,1
2025-01-02T23:51:00,u0049,c003,CA,web,0
2025-01-03T03:37:00,u0010,c008,US,android,0
2025-01-06T14:54:00,u0350,c001,IN,ios,0
2025-01-04T18:34:00,u0155,c002,BR,android,0
2025-01-03T04:17:00,u0491,c003,US,web,0
2025-01-05T06:32:00,u0069,c004,IN,ios,1
2025-01-06T00:18:00,u0168,c000,BR,ios,0
2025-01-02T21:48:00,u0271,c006,DE,web,1
2025-01-03T21:28:00,u0067,c009,BR,web,0
2025-01-01T20:28:00,u0354,c006,GB,web,0
2025-01-02T06:25:00,u0251,c008,BR,android,0
2025-01-05T18:25:00,u0047,c003,GB,android,0
2025-01-02T06:28:00,u0183,c005,IN,android,0
2025-01-04T16:13:00,u0319,c001,BR,web,0
2025-01-05T23:07:00,u0186,c003,IN,web,0
2025-01-01T17:57:00,u0089,c001,IN,android,0
2025-01-04T23:18:00,u0445,c009,US,ios,0
2025-01-02T19:06:00,u0331,c004,IN,android,0
2025-01-07T17:46:00,u0138,c006,IN,ios,0
2025-01-04T09:14:00,u0356,c000,BR,web,0
2025-01-06T15:24:00,u0088,c009,BR,web,0
2025-01-04T20:26:00,u0273,c009,DE,android,0
2025-01-01T07:17:00,u0018,c006,US,android,0
2025-01-05T10:22:00,u0470,c009,IN,web,0
2025-01-07T15:50:00,u0310,c005,US,android,0
2025-01-05T05:04:00,u0357,c005,GB,web,0
2025-01-06T17:37:00,u0373,c007,IN,web,0
2025-01-07T04:32:00,u0465,c007,US,ios,0
2025-01-02T14:19:00,u0153,c005,DE,android,0
2025-01-02T11:37:00,u0389,c002,DE,web,0
2025-01-05T06:38:00,u0259,c004,IN,android,0
2025-01-03T21:03:00,u0107,c001,GB,ios,0
2025-01-06T21:05:00,u0370,c004,DE,ios,1
2025-01-07T07:12:00,u0284,c008,DE,android,1
2025-01-03T11:22:00,u0058,c009,GB,android,0
2025-01-02T15:47:00,u0124,c000,US,web,0
2025-01-06T11:07:00,u0353,c009,DE,ios,0
2025-01-02T22:10:00,u0272,c004,BR,ios,0
2025-01-06T18:11:00,u0106,c005,CA,ios,0
2025-01-03T23:11:00,u0298,c006,CA,android,0
2025-01-05T16:08:00,u0244,c008,DE,web,0
2025-01-01T16:02:00,u0335,c005,US,android,0
2025-01-05T08:48:00,u0449,c004,US,android,0
2025-01-04T03:53:00,u0417,c006,IN,android,0
2025-01-05T02:33:00,u0246,c000,BR,web,0
2025-01-02T04:13:00,u0007,c004,US,android,0
2025-01-06T03:47:00,u0140,c001,GB,ios,0
2025-01-07T00:56:00,u0361,c003,BR,ios,0
2025-01-02T12:24:00,u0007,c006,CA,ios,0
2025-01-01T16:04:00,u0477,c004,BR,web,1
2025-01-01T03:58:00,u0351,c005,GB,android,0
2025-01-05T11:51:00,u0483,c001,DE,web,0
2025-01-05T05:59:00,u0494,c002,GB,android,0
2025-01-04T19:50:00,u0093,c006,GB,ios,0
2025-01-02T14:58:00,u0320,c001,DE,android,0
2025-01-03T17:40:00,u0426,c005,DE,android,0
2025-01-05T03:52:00,u0038,c004,DE,android,0
2025-01-04T11:27:00,u0080,c009,DE,web,0
2025-01-07T21:56:00,u0186,c000,DE,android,0
2025-01-01T22:55:00,u0083,c009,GB,android,0
2025-01-05T20:47:00,u0087,c003,IN,android,0
2025-01-03T19:55:00,u0241,c001,IN,web,0
2025-01-03T23:56:00,u0341,c003,US,web,0
2025-01-06T00:33:00,u0092,c000,IN,web,0
2025-01-05T20:19:00,u0085,c001,CA,android,0
2025-01-07T22:31:00,u0043,c007,IN,ios,0
2025-01-01T21:34:00,u0136,c005,GB,ios,0
2025-01-01T17:29:00,u0420,c001,DE,ios,0
2025-01-06T01:41:00,u0073,c005,DE,android,1
2025-01-05T01:10:00,u0035,c009,GB,ios,0
2025-01-02T22:03:00,u0100,c008,CA,ios,0
2025-01-01T13:20:00,u0475,c006,IN,ios,0
2025-01-01T14:23:00,u0155,c008,GB,android,0
2025-01-07T06:13:00,u0425,c004,US,ios,0
2025-01-02T08:14:00,u0254,c006,DE,ios,0
2025-01-03T06:19:00,u0170,c006,BR,android,0
2025-01-02T14:04:00,u0468,c002,US,web,0
2025-01-03T11:38:00,u0215,c006,CA,ios,0
2025-01-01T11:39:00,u0169,c000,US,web,0
2025-01-04T15:12:00,u0251,c008,GB,ios,0
2025-01-01T11:21:00,u0359,c009,IN,android,0
2025-01-06T14:27:00,u0321,c005,DE,web,0
2025-01-02T15:15:00,u0054,c004,CA,web,0
2025-01-04T18:43:00,u0455,c006,CA,web,0
2025-01-07T03:51:00,u0431,c004,BR,web,0
2025-01-05T13:20:00,u0090,c009,US,ios,0
2025-01-04T17:32:00,u0277,c004,BR,ios,0
2025-01-03T06:29:00,u0100,c009,IN,web,0
2025-01-03T07:56:00,u0154,c006,IN,ios,0
2025-01-05T16:28:00,u0376,c009,BR,web,0
2025-01-07T23:00:00,u0348,c006,DE,web,0
2025-01-05T15:11:00,u0450,c002,IN,android,0
2025-01-04T21:42:00,u0363,c002,BR,web,1
2025-01-06T02:44:00,u0140,c009,US,ios,0
2025-01-04T06:09:00,u0172,c002,BR,web,0
2025-01-01T10:06:00,u0009,c005,BR,android,0
2025-01-04T22:27:00,u0227,c005,GB,ios,0
2025-01-07T16:52:00,u0264,c002,IN,android,0
2025-01-02T05:27:00,u0437,c002,DE,android,0
2025-01-05T19:55:00,u0247,c007,DE,web,1
2025-01-02T09:45:00,u0246,c007,GB,android,0
2025-01-04T18:01:00,u0154,c006,CA,android,0
2025-01-01T16:14:00,u0033,c009,DE,ios,0
2025-01-04T03:39:00,u0498,c003,BR,android,0
2025-01-06T07:02:00,u0128,c003,GB,web,0
2025-01-03T10:23:00,u0159,c002,US,web,0
2025-01-05T15:42:00,u0088,c004,IN,web,0
2025-01-06T13:38:00,u0092,c002,IN,android,0
2025-01-07T11:45:00,u0326,c007,IN,ios,0
2025-01-02T15:25:00,u0240,c006,BR,web,0
2025-01-03T19:05:00,u0322,c002,US,android,0
2025-01-02T01:36:00,u0467,c008,GB,web,0
2025-01-07T22:44:00,u0403,c004,GB,web,0
2025-01-07T11:44:00,u0116,c008,IN,ios,0
2025-01-04T18:42:00,u0093,c006,US,web,0
2025-01-06T21:27:00,u0162,c006,US,ios,1
2025-01-04T15:31:00,u0098,c005,US,android,0
2025-01-05T08:45:00,u0112,c001,DE,web,0
2025-01-01T14:58:00,u0358,c008,DE,android,0
2025-01-06T06:53:00,u0090,c005,IN,android,0
2025-01-01T21:27:00,u0345,c007,US,android,0
2025-01-06T18:46:00,u0205,c000,CA,web,0
2025-01-06T11:22:00,u0016,c004,US,ios,0
2025-01-05T23:04:00,u0273,c000,GB,web,0
2025-01-01T06:04:00,u0172,c009,GB,android,0
2025-01-03T02:55:00,u0115,c007,IN,ios,0
2025-01-02T20:12:00,u0348,c007,CA,android,0
2025-01-03T12:30:00,u0467,c000,US,ios,0
2025-01-01T14:43:00,u0180,c008,CA,web,0
2025-01-07T13:24:00,u0090,c001,IN,ios,0
2025-01-04T21:02:00,u0081,c008,GB,web,0
2025-01-03T03:19:00,u0323,c000,GB,android,0
2025-01-03T18:41:00,u0448,c009,DE,ios,0
2025-01-04T03:07:00,u0113,c008,IN,android,0
2025-01-05T04:53:00,u0256,c003,IN,ios,0
2025-01-04T14:38:00,u0057,c008,US,web,0
2025-01-07T10:27:00,u0153,c006,US,ios,0
2025-01-04T11:29:00,u0364,c005,DE,ios,0
2025-01-07T22:40:00,u0403,c004,BR,web,0
2025-01-06T23:02:00,u0115,c008,CA,web,0
2025-01-02T11:01:00,u0342,c001,BR,web,0
2025-01-07T12:20:00,u0265,c001,BR,ios,0
2025-01-01T19:32:00,u0314,c008,IN,android,0
2025-01-06T17:19:00,u0202,c002,CA,ios,0
2025-01-03T15:56:00,u0040,c007,IN,ios,0
2025-01-07T03:29:00,u0104,c008,CA,android,0
2025-01-07T01:50:00,u0388,c007,GB,web,0
2025-01-06T15:23:00,u0377,c003,IN,ios,1
2025-01-06T12:43:00,u0192,c000,IN,android,0
2025-01-03T03:11:00,u0400,c003,IN,web,0
2025-01-01T13:35:00,u0277,c008,DE,web,0
2025-01-03T19:42:00,u0353,c001,IN,ios,0
2025-01-02T05:09:00,u0236,c002,US,web,0
2025-01-05T20:45:00,u0424,c009,US,web,0
2025-01-03T10:08:00,u0220,c007,CA,android,0
2025-01-07T19:54:00,u0067,c005,GB,android,0
2025-01-05T11:40:00,u0196,c007,DE,web,0
2025-01-06T18:10:00,u0255,c006,CA,android,0
2025-01-01T22:15:00,u0138,c004,US,web,0
2025-01-07T00:49:00,u0311,c008,DE,ios,0
2025-01-07T11:01:00,u0434,c003,DE,android,0
2025-01-04T09:49:00,u0148,c005,GB,web,0
2025-01-05T05:51:00,u0098,c001,DE,web,1
2025-01-06T08:29:00,u0075,c001,IN,android,0
2025-01-02T05:22:00,u0281,c001,DE,android,0
2025-01-04T12:25:00,u0370,c009,GB,ios,0
2025-01-03T18:58:00,u0402,c006,CA,web,0
2025-01-02T00:35:00,u0108,c001,GB,ios,0
2025-01-03T13:44:00,u0187,c001,GB,ios,0
2025-01-01T11:27:00,u0198,c008,US,ios,0
2025-01-01T04:20:00,u0302,c006,IN,android,0
2025-01-01T22:42:00,u0326,c002,US,ios,0
2025-01-07T17:48:00,u0153,c002,CA,android,0
2025-01-04T20:19:00,u0039,c006,BR,android,0
2025-01-07T18:15:00,u0132,c004,CA,ios,0
2025-01-04T00:39:00,u0404,c009,IN,ios,0
2025-01-03T04:23:00,u0461,c005,DE,web,0
2025-01-04T13:01:00,u0131,c007,GB,ios,0
2025-01-04T01:50:00,u0278,c008,BR,web,0
2025-01-01T17:45:00,u0361,c000,IN,ios,0
2025-01-05T11:39:00,u0083,c002,US,ios,0
2025-01-02T12:17:00,u0398,c006,GB,ios,0
2025-01-05T08:05:00,u0241,c005,CA,ios,0
2025-01-05T13:14:00,u0115,c006,US,web,0
2025-01-02T01:32:00,u0108,c007,IN,web,0
2025-01-01T10:18:00,u0220,c005,IN,ios,0
2025-01-06T11:10:00,u0391,c002,CA,ios,0
2025-01-04T05:14:00,u0040,c001,BR,web,0
2025-01-01T09:46:00,u0367,c006,CA,android,0
2025-01-07T23:08:00,u0146,c000,DE,android,0
2025-01-01T09:42:00,u0111,c002,US,android,0
2025-01-05T20:45:00,u0102,c003,BR,web,1
2025-01-07T21:15:00,u0045,c000,GB,web,0
2025-01-02T16:10:00,u0411,c004,DE,android,0
2025-01-01T23:53:00,u0493,c009,BR,android,0
2025-01-01T20:23:00,u0474,c002,US,ios,0
2025-01-03T02:57:00,u0323,c001,IN,web,0
2025-01-01T16:58:00,u0377,c002,GB,web,0
2025-01-05T20:16:00,u0270,c007,CA,android,0
2025-01-01T10:27:00,u0482,c005,US,android,0
2025-01-04T13:34:00,u0420,c006,DE,web,1
2025-01-07T23:26:00,u0384,c005,DE,ios,1
2025-01-06T16:44:00,u0194,c005,IN,android,0
2025-01-05T07:21:00,u0366,c002,IN,web,0
2025-01-03T03:27:00,u0279,c007,GB,web,0
2025-01-05T08:48:00,u0282,c006,CA,ios,1
2025-01-04T16:32:00,u0039,c006,GB,ios,0
2025-01-03T23:34:00,u0446,c005,IN,android,0
2025-01-01T21:57:00,u0188,c004,IN,android,1
2025-01-07T04:56:00,u0163,c009,DE,android,0
2025-01-04T03:33:00,u0481,c007,IN,web,0
2025-01-02T08:41:00,u0476,c004,BR,android,0
2025-01-03T13:47:00,u0023,c008,US,web,1
2025-01-03T21:34:00,u0023,c008,IN,android,0
2025-01-06T19:01:00,u0489,c000,GB,ios,0
2025-01-06T03:14:00,u0003,c005,CA,ios,0
2025-01-06T09:14:00,u0322,c006,CA,web,0
2025-01-01T01:51:00,u0289,c002,CA,ios,0
2025-01-03T21:54:00,u0440,c006,BR,web,0
2025-01-04T08:51:00,u0432,c006,GB,web,1
2025-01-01T03:13:00,u0470,c001,BR,ios,0
2025-01-02T19:38:00,u0180,c006,IN,web,0
2025-01-06T07:43:00,u0247,c000,US,ios,0
2025-01-01T23:02:00,u0115,c004,CA,android,0
2025-01-04T17:55:00,u0278,c008,GB,android,0
2025-01-02T12:09:00,u0364,c006,CA,ios,0
2025-01-01T02:02:00,u0068,c006,BR,ios,0
2025-01-02T16:31:00,u0350,c001,DE,ios,0
2025-01-07T19:56:00,u0253,c007,IN,ios,0
2025-01-06T14:39:00,u0180,c002,US,android,0
2025-01-07T17:12:00,u0317,c007,IN,web,1
2025-01-04T09:57:00,u0168,c002,DE,web,0
2025-01-01T18:26:00,u0312,c009,US,android,0
2025-01-04T20:03:00,u0248,c006,DE,web,0
2025-01-04T04:20:00,u0187,c001,IN,android,0
2025-01-06T21:51:00,u0053,c003,BR,web,0
2025-01-01T16:28:00,u0325,c005,IN,ios,0
2025-01-04T10:01:00,u0356,c008,IN,ios,0
2025-01-02T01:12:00,u0312,c004,IN,ios,0
2025-01-03T06:32:00,u0137,c008,GB,android,0
2025-01-06T03:52:00,u0167,c004,DE,android,0
2025-01-04T07:58:00,u0390,c009,DE,web,0
2025-01-03T15:08:00,u0102,c007,CA,web,0
2025-01-03T18:16:00,u0421,c000,DE,web,0
2025-01-04T05:11:00,u0084,c006,CA,android,0
2025-01-06T11:52:00,u0316,c003,GB,web,0
2025-01-07T05:52:00,u0211,c004,BR,ios,0
2025-01-07T16:29:00,u0002,c005,CA,web,0
2025-01-06T12:11:00,u0383,c004,IN,ios,0
2025-01-03T04:59:00,u0178,c000,BR,android,0
2025-01-05T19:36:00,u0341,c008,GB,ios,0
2025-01-04T01:31:00,u0302,c001,DE,ios,0
2025-01-02T18:47:00,u0451,c008,CA,ios,0
2025-01-06T21:15:00,u0475,c009,IN,android,0
2025-01-01T06:27:00,u0331,c001,US,android,0
2025-01-07T07:29:00,u0037,c008,US,android,0
2025-01-04T05:31:00,u0498,c005,BR,android,0
2025-01-05T11:02:00,u0419,c008,DE,web,1
2025-01-05T14:46:00,u0238,c005,US,android,0
2025-01-07T06:22:00,u0168,c005,BR,ios,0
2025-01-05T10:57:00,u0452,c001,GB,android,0
2025-01-05T07:08:00,u0396,c007,BR,web,0
2025-01-01T11:11:00,u0342,c002,BR,web,0
2025-01-04T15:05:00,u0313,c006,BR,web,0
2025-01-02T01:13:00,u0305,c004,IN,ios,0
2025-01-06T03:53:00,u0029,c002,BR,android,0
2025-01-04T14:03:00,u0189,c000,CA,android,0
2025-01-05T18:16:00,u0356,c007,BR,android,0
2025-01-01T07:00:00,u0024,c002,IN,ios,0
2025-01-01T14:14:00,u0111,c001,IN,ios,0
2025-01-06T00:20:00,u0410,c000,GB,web,0
2025-01-01T12:06:00,u0434,c003,DE,web,0
2025-01-01T11:58:00,u0205,c007,US,android,0
2025-01-01T02:02:00,u0184,c002,US,ios,0
2025-01-07T16:41:00,u0381,c000,BR,ios,0
2025-01-06T03:54:00,u0495,c003,GB,android,1
2025-01-03T11:20:00,u0378,c008,BR,android,0
2025-01-03T01:49:00,u0046,c000,US,web,0
2025-01-03T10:45:00,u0373,c001,IN,web,0
2025-01-06T10:08:00,u0227,c008,DE,web,0
2025-01-05T15:06:00,u0038,c001,GB,android,1
2025-01-02T07:06:00,u0015,c002,IN,android,0
2025-01-02T05:15:00,u0021,c006,DE,web,0
2025-01-01T16:31:00,u0212,c002,GB,web,0
2025-01-05T14:55:00,u0309,c008,GB,ios,0
2025-01-06T08:24:00,u0148,c005,US,ios,0
2025-01-02T20:31:00,u0455,c002,IN,web,0
2025-01-01T03:31:00,u0240,c008,GB,web,0
2025-01-01T13:48:00,u0271,c000,CA,ios,0
2025-01-07T18:36:00,u0058,c009,GB,web,0
2025-01-03T01:38:00,u0286,c002,DE,ios,0
2025-01-06T09:13:00,u0425,c000,US,ios,1
2025-01-05T08:56:00,u0201,c001,BR,ios,0
2025-01-03T16:09:00,u0031,c007,US,android,0
2025-01-02T10:33:00,u0442,c006,BR,android,0
2025-01-01T20:23:00,u0161,c001,IN,web,0
2025-01-05T07:19:00,u0254,c001,IN,ios,0
2025-01-06T10:08:00,u0253,c008,GB,android,0
2025-01-05T12:10:00,u0008,c005,CA,web,0
2025-01-04T17:05:00,u0464,c004,IN,web,0
2025-01-01T07:02:00,u0138,c009,GB,web,0
2025-01-07T18:42:00,u0479,c005,US,web,0
2025-01-06T14:11:00,u0009,c008,IN,web,0
2025-01-03T01:11:00,u0213,c006,US,ios,0
2025-01-07T20:38:00,u0272,c009,US,web,0
2025-01-05T05:06:00,u0323,c009,CA,ios,0
2025-01-05T01:50:00,u0047,c008,IN,android,0
2025-01-06T05:40:00,u0435,c003,US,web,0
2025-01-06T16:22:00,u0110,c001,CA,android,0
2025-01-05T14:17:00,u0152,c007,CA,ios,0
2025-01-01T21:31:00,u0122,c003,IN,ios,0
2025-01-03T08:49:00,u0404,c008,CA,android,0
2025-01-07T11:55:00,u0356,c003,IN,web,0
2025-01-02T13:44:00,u0101,c007,IN,web,1
2025-01-03T14:31:00,u0240,c008,BR,android,0
2025-01-04T00:35:00,u0320,c008,US,android,0
2025-01-04T01:49:00,u0190,c009,DE,android,0
2025-01-05T06:58:00,u0216,c003,IN,web,0
2025-01-07T14:26:00,u0050,c000,US,web,0
2025-01-02T16:26:00,u0291,c002,CA,web,0
2025-01-01T20:24:00,u0080,c008,GB,android,0
2025-01-02T09:10:00,u0488,c003,IN,web,0
2025-01-07T05:00:00,u0382,c004,CA,ios,0
2025-01-05T12:29:00,u0087,c006,CA,android,0
2025-01-03T00:01:00,u0193,c004,CA,web,0
2025-01-06T17:04:00,u0103,c003,CA,android,0
2025-01-07T00:42:00,u0270,c001,CA,ios,0
2025-01-06T22:12:00,u0095,c001,IN,ios,0
2025-01-07T10:22:00,u0422,c003,DE,android,0
2025-01-02T18:22:00,u0378,c009,BR,android,1
2025-01-06T06:50:00,u0197,c009,CA,ios,0
2025-01-04T05:22:00,u0000,c008,CA,android,0
2025-01-06T21:27:00,u0494,c007,BR,ios,0
2025-01-06T02:23:00,u0406,c002,IN,ios,0
2025-01-06T10:26:00,u0377,c008,US,web,0
2025-01-05T14:14:00,u0166,c004,GB,android,0
2025-01-02T05:48:00,u0125,c002,GB,android,0
2025-01-04T19:33:00,u0312,c004,US,web,1
2025-01-07T21:25:00,u0080,c009,IN,ios,0
2025-01-07T13:28:00,u0417,c003,GB,android,0
2025-01-01T07:15:00,u0250,c007,BR,web,1
2025-01-02T03:41:00,u0168,c004,US,web,0
2025-01-01T22:07:00,u0476,c009,DE,android,0
2025-01-06T01:57:00,u0072,c007,IN,web,0
2025-01-06T17:23:00,u0140,c008,US,ios,0
2025-01-02T11:52:00,u0069,c003,GB,web,0
2025-01-04T12:58:00,u0261,c006,IN,ios,0
2025-01-06T21:14:00,u0339,c001,BR,ios,0
2025-01-06T03:06:00,u0307,c005,IN,android,0
2025-01-04T19:05:00,u0244,c007,IN,web,0
2025-01-05T03:10:00,u0002,c006,BR,ios,0
2025-01-04T13:24:00,u0336,c006,CA,ios,0
2025-01-03T01:59:00,u0062,c007,BR,web,0
2025-01-04T22:55:00,u0048,c006,IN,ios,0
2025-01-05T19:43:00,u0075,c004,BR,web,0
2025-01-07T02:43:00,u0367,c006,CA,android,0
2025-01-05T10:53:00,u0174,c009,US,ios,0
2025-01-06T07:52:00,u0108,c002,BR,ios,0
2025-01-02T02:53:00,u0182,c004,BR,web,0
2025-01-04T05:32:00,u0191,c006,IN,web,1
2025-01-01T01:34:00,u0064,c008,US,web,0
2025-01-02T17:26:00,u0336,c001,DE,web,0
2025-01-06T02:02:00,u0450,c003,DE,ios,0
2025-01-07T22:37:00,u0473,c006,GB,android,0
2025-01-01T16:39:00,u0270,c000,BR,android,0
2025-01-03T19:27:00,u0099,c001,BR,android,0
2025-01-06T14:24:00,u0031,c008,US,android,0
2025-01-02T10:16:00,u0351,c009,CA,web,0
2025-01-04T21:15:00,u0127,c006,DE,ios,0
2025-01-06T03:09:00,u0451,c009,GB,ios,0
2025-01-05T07:29:00,u0401,c006,US,ios,0
2025-01-02T07:35:00,u0368,c005,BR,web,0
2025-01-03T11:42:00,u0338,c002,DE,ios,0
2025-01-06T11:40:00,u0042,c009,GB,web,0
2025-01-04T21:06:00,u0371,c002,IN,ios,0
2025-01-01T00:52:00,u0418,c001,DE,android,0
2025-01-06T07:50:00,u0487,c005,GB,web,0
2025-01-01T05:55:00,u0077,c003,US,ios,0
2025-01-06T05:16:00,u0313,c004,IN,android,0
2025-01-02T10:01:00,u0288,c002,GB,android,0
2025-01-07T16:57:00,u0269,c005,GB,android,0
2025-01-03T13:48:00,u0161,c002,BR,web,0
2025-01-03T06:55:00,u0188,c007,CA,web,0
2025-01-02T01:00:00,u0246,c008,DE,ios,0
2025-01-03T03:20:00,u0387,c003,BR,android,0
2025-01-07T03:16:00,u0215,c008,IN,ios,0
2025-01-07T23:23:00,u0314,c006,CA,ios,0
2025-01-03T13:52:00,u0412,c002,GB,android,0
2025-01-04T03:21:00,u0338,c006,BR,ios,0
2025-01-06T01:18:00,u0389,c000,CA,web,0
2025-01-07T04:52:00,u0376,c002,DE,ios,0
2025-01-05T03:37:00,u0480,c005,IN,android,0
2025-01-03T17:46:00,u0432,c003,US,web,0
2025-01-03T21:19:00,u0167,c006,BR,web,0
2025-01-05T20:51:00,u0338,c002,IN,ios,0
2025-01-01T00:32:00,u0192,c000,US,ios,0
2025-01-05T08:05:00,u0452,c008,BR,web,0
2025-01-03T11:43:00,u0282,c005,IN,ios,0
2025-01-06T13:25:00,u0335,c007,IN,android,0
2025-01-01T15:37:00,u0389,c002,CA,ios,0
2025-01-05T02:49:00,u0487,c007,BR,ios,0
2025-01-04T08:48:00,u0012,c001,IN,web,0
2025-01-05T11:54:00,u0239,c003,GB,ios,0
2025-01-01T10:53:00,u0319,c002,BR,ios,0
2025-01-05T01:26:00,u0445,c009,IN,ios,0
2025-01-04T22:19:00,u0482,c000,CA,android,0
2025-01-04T22:11:00,u0146,c006,US,ios,0
2025-01-05T05:23:00,u0203,c009,US,android,0
2025-01-05T17:38:00,u0079,c001,GB,android,0
2025-01-06T15:14:00,u0378,c003,BR,android,1
2025-01-02T21:19:00,u0042,c008,CA,android,0
2025-01-06T18:36:00,u0457,c005,IN,web,0
2025-01-04T11:42:00,u0088,c007,IN,android,0
2025-01-01T12:56:00,u0147,c001,US,ios,0
2025-01-01T09:50:00,u0094,c006,CA,android,0
2025-01-03T08:09:00,u0451,c005,GB,ios,0
2025-01-06T11:51:00,u0427,c008,US,android,0
2025-01-05T22:53:00,u0150,c006,US,web,0
2025-01-06T12:29:00,u0001,c000,GB,android,0
2025-01-04T14:54:00,u0375,c007,BR,android,1
2025-01-04T01:57:00,u0021,c009,IN,web,0
2025-01-02T00:46:00,u0370,c002,BR,android,0
2025-01-03T07:08:00,u0312,c001,CA,ios,0
2025-01-04T00:54:00,u0484,c002,DE,android,0
2025-01-01T14:53:00,u0327,c005,DE,android,0
2025-01-02T13:03:00,u0006,c002,DE,android,0
2025-01-05T04:30:00,u0205,c009,GB,web,0
2025-01-06T03:35:00,u0439,c004,US,android,1
2025-01-07T23:43:00,u0374,c005,BR,android,0
2025-01-07T12:45:00,u0450,c007,IN,ios,0
2025-01-05T11:57:00,u0113,c006,DE,android,1
2025-01-03T22:46:00,u0271,c007,BR,android,0
2025-01-05T10:52:00,u0082,c002,DE,android,0
2025-01-06T11:59:00,u0178,c003,DE,android,0
2025-01-01T19:52:00,u0209,c005,IN,ios,0
2025-01-03T20:51:00,u0499,c006,CA,ios,1
2025-01-06T21:05:00,u0463,c008,CA,web,0
2025-01-03T16:29:00,u0327,c000,CA,android,0
2025-01-05T00:04:00,u0123,c007,GB,web,0
2025-01-05T02:44:00,u0480,c007,US,web,0
2025-01-02T06:59:00,u0112,c005,GB,android,0
2025-01-03T12:51:00,u0011,c003,BR,ios,0
2025-01-03T08:11:00,u0125,c002,GB,ios,1
2025-01-01T04:24:00,u0052,c002,BR,android,0
2025-01-01T04:03:00,u0330,c005,BR,android,0
2025-01-06T19:43:00,u0388,c007,US,ios,0
2025-01-02T21:52:00,u0282,c006,IN,android,0
2025-01-04T15:02:00,u0139,c000,US,android,0
2025-01-03T02:11:00,u0400,c005,CA,android,0
2025-01-07T14:02:00,u0389,c006,CA,ios,0
2025-01-02T19:33:00,u0096,c006,GB,web,0
2025-01-04T00:10:00,u0004,c008,BR,web,0
2025-01-07T02:37:00,u0056,c009,DE,android,0
2025-01-06T21:26:00,u0411,c004,DE,ios,0
2025-01-02T07:15:00,u0333,c000,BR,android,0
2025-01-06T14:50:00,u0068,c001,US,ios,0
2025-01-04T04:58:00,u0117,c003,IN,android,0
2025-01-04T09:08:00,u0375,c004,US,ios,0
2025-01-01T22:25:00,u0058,c008,BR,ios,0
2025-01-01T13:32:00,u0032,c000,BR,web,0
2025-01-06T02:17:00,u0317,c002,IN,android,0
2025-01-04T11:24:00,u0049,c004,GB,web,0
2025-01-04T01:23:00,u0367,c002,GB,web,0
2025-01-06T02:33:00,u0488,c003,IN,ios,0
2025-01-06T08:36:00,u0018,c002,GB,android,0
2025-01-02T02:41:00,u0213,c003,DE,ios,0
2025-01-05T06:31:00,u0196,c000,GB,ios,0
2025-01-01T22:44:00,u0378,c007,GB,ios,0
2025-01-06T06:13:00,u0449,c003,GB,android,0
2025-01-05T14:22:00,u0477,c006,DE,android,1
2025-01-07T16:42:00,u0046,c001,GB,ios,0
2025-01-01T11:35:00,u0166,c001,CA,android,0
2025-01-01T09:35:00,u0451,c005,DE,ios,0
2025-01-02T23:24:00,u0288,c001,IN,android,0
